healpix,sv1,sv2,sv3
683,101.27563872905763,0.0,0.0
686,418.2088140458733,0.0,0.0
687,413.44290163509413,0.0,0.0
698,90.55233580480447,0.0,0.0
727,145.36032852876508,0.0,0.0
733,363.4008213219127,0.0,0.0
735,314.5502191114261,0.0,0.0
765,90.55233580480447,0.0,0.0
767,203.74275556081005,0.0,0.0
898,421.7832483539577,0.0,0.0
899,393.1877738892826,0.0,0.0
902,48.85060221048662,0.0,0.0
904,421.7832483539577,0.0,0.0
905,422.9747264566525,0.0,0.0
906,222.8064052039268,0.0,0.0
907,432.50655127821085,0.0,0.0
908,221.614927101232,0.0,0.0
910,140.5944161179859,0.0,0.0
928,117.95633216678478,0.0,0.0
929,117.95633216678478,0.0,0.0
930,126.29667888564835,0.0,0.0
931,239.48709864165394,0.0,0.0
934,97.70120442097324,0.0,0.0
936,478.9741972833079,0.0,0.0
937,463.4849819482755,0.0,0.0
938,456.3361133321068,0.0,0.0
939,413.44290163509413,0.0,0.0
940,366.9752556299971,0.0,0.0
942,424.16620455934725,0.0,0.0
2049,264.50813879824466,0.0,0.0
2051,231.14675192279037,0.0,0.0
2052,422.9747264566525,0.0,0.0
2053,402.71959871084096,0.0,0.0
2054,179.91319350691415,0.0,0.0
2055,438.4639417916848,0.0,0.0
2060,53.61651462126581,0.0,0.0
2061,179.91319350691415,0.0,0.0
2063,89.36085770210968,0.0,0.0
2064,313.3587410087313,0.0,0.0
2066,278.80587603058217,0.0,0.0
2072,163.232500069187,0.0,0.0
2073,274.039963619803,0.0,0.0
2074,419.4002921485681,0.0,0.0
2075,411.0599454297045,0.0,0.0
2076,120.33928837217437,0.0,0.0
2078,384.847427170419,0.0,0.0
2079,13.106259129642753,0.0,0.0
2085,121.53076647486917,0.0,0.0
2087,7.148868616168774,0.0,0.0
2096,390.80481768389296,0.0,0.0
2097,320.50760962490006,0.0,0.0
2098,21.446605848506323,0.0,0.0
2099,295.4865694683093,0.0,0.0
2100,425.35768266204207,0.0,0.0
2101,25.02104015659071,0.0,0.0
2102,145.36032852876508,0.0,0.0
2133,42.893211697012646,0.0,0.0
2304,299.0610037763937,0.0,0.0
2305,364.59229942460746,0.0,0.0
2308,120.33928837217437,0.0,0.0
2705,21.446605848506323,0.0,0.0
2707,245.4444891551279,0.0,0.0
2708,123.91372268025876,0.0,0.0
2709,181.10467160960894,0.0,0.0
2710,191.82797453386212,0.0,0.0
2711,253.78483587399148,0.0,0.0
2716,3.574434308084387,0.0,0.0
2752,114.38189785870038,0.0,0.0
2754,38.12729928623346,0.0,0.0
4096,316.93317531681566,0.0,0.0
4097,157.27510955571304,0.0,0.0
4098,421.7832483539577,0.0,0.0
4099,340.7627373707116,0.0,0.0
4100,8.34034671886357,0.0,0.0
4104,51.23355841587622,0.0,0.0
4105,10.723302924253161,0.0,0.0
4241,439.65541989437963,0.0,0.0
4242,61.95686134012938,0.0,0.0
4243,797.0988507028184,0.0,0.0
4244,695.8232119737606,0.0,0.0
4245,357.44343080843873,0.0,0.0
4246,729.1845988492149,0.0,0.0
4247,496.8463688237298,0.0,0.0
4248,10.723302924253161,0.0,0.0
4249,697.0146900764555,0.0,0.0
4251,59.57390513473978,0.0,0.0
4252,635.0578287363261,0.0,0.0
4253,688.674343357592,0.0,0.0
4254,382.4644709650294,0.0,0.0
4255,399.14516440275656,0.0,0.0
4290,89.36085770210968,0.0,0.0
4296,165.61545627457662,0.0,0.0
4298,4.765912410779182,0.0,0.0
4678,2.382956205389591,0.0,0.0
4679,277.6143979278874,0.0,0.0
4684,57.19094892935019,0.0,0.0
4685,697.0146900764555,0.0,0.0
4686,76.25459857246692,0.0,0.0
4687,621.9515696066834,0.0,0.0
4688,22.638083951201118,0.0,0.0
4690,467.0594162563599,0.0,0.0
4691,278.80587603058217,0.0,0.0
4694,4.765912410779182,0.0,0.0
4696,664.844781303696,0.0,0.0
4697,568.3350549854175,0.0,0.0
4698,595.7390513473979,0.0,0.0
4699,667.2277375090856,0.0,0.0
4700,97.70120442097324,0.0,0.0
4702,244.25301105243312,0.0,0.0
4703,173.95580299344016,0.0,0.0
4708,9.531824821558365,0.0,0.0
4709,148.93476283684947,0.0,0.0
4720,328.8479563437636,0.0,0.0
4721,470.6338505644443,0.0,0.0
4722,50.04208031318142,0.0,0.0
4723,249.0189234632123,0.0,0.0
4724,474.2082848725287,0.0,0.0
4725,436.08098558629524,0.0,0.0
4726,364.59229942460746,0.0,0.0
4727,364.59229942460746,0.0,0.0
4729,38.12729928623346,0.0,0.0
4732,61.95686134012938,0.0,0.0
4733,394.37925199197736,0.0,0.0
4735,4.765912410779182,0.0,0.0
4736,36.935821183538664,0.0,0.0
4738,565.952098780028,0.0,0.0
4744,801.8647631135975,0.0,0.0
4745,32.169908772759484,0.0,0.0
4746,536.1651462126581,0.0,0.0
4768,456.3361133321068,0.0,0.0
4769,291.9121351602249,0.0,0.0
4770,405.10255491623053,0.0,0.0
4771,413.44290163509413,0.0,0.0
4772,4.765912410779182,0.0,0.0
4774,100.08416062636284,0.0,0.0
4776,431.31507317551603,0.0,0.0
4777,422.9747264566525,0.0,0.0
4778,188.25354022577773,0.0,0.0
4779,84.59494529133049,0.0,0.0
4780,79.82903288055131,0.0,0.0
4874,14.297737232337548,0.0,0.0
4896,268.08257310632905,0.0,0.0
4898,372.93264614347106,0.0,0.0
4904,142.97737232337548,0.0,0.0
4951,291.9121351602249,0.0,0.0
4955,207.31718986889445,0.0,0.0
4956,4.765912410779182,0.0,0.0
4957,698.2061681791503,0.0,0.0
4958,582.6327922177551,0.0,0.0
4959,1140.2445442789194,0.0,0.0
4967,151.31771904223905,0.0,0.0
4971,29.78695256736989,0.0,0.0
4972,45.276167902402236,0.0,0.0
4973,407.4855111216201,0.0,0.0
4974,61.95686134012938,0.0,0.0
4975,339.5712592680168,0.0,0.0
4976,17.872171540421935,0.0,0.0
4977,537.3566243153529,0.0,0.0
4978,388.4218614785034,0.0,0.0
4979,780.4181572650912,0.0,0.0
4980,508.7611498506778,0.0,0.0
4981,319.31613152220524,0.0,0.0
4982,593.3560951420083,0.0,0.0
4983,476.59124107791826,0.0,0.0
4984,384.847427170419,0.0,0.0
4985,518.2929746722361,0.0,0.0
4986,263.31666069554984,0.0,0.0
4987,394.37925199197736,0.0,0.0
4988,328.8479563437636,0.0,0.0
4989,50.04208031318142,0.0,0.0
4990,38.12729928623346,0.0,0.0
5015,19.06364964311673,0.0,0.0
5019,117.95633216678478,0.0,0.0
5020,48.85060221048662,0.0,0.0
5021,69.10572995629815,0.0,0.0
5022,390.80481768389296,0.0,0.0
5023,376.50708045155545,0.0,0.0
5031,135.82850370720672,0.0,0.0
5035,341.95421547340635,0.0,0.0
5036,48.85060221048662,0.0,0.0
5037,402.71959871084096,0.0,0.0
5038,805.4391974216819,0.0,0.0
5039,968.671697490869,0.0,0.0
5041,312.16726290603646,0.0,0.0
5042,331.23091254915323,0.0,0.0
5043,508.7611498506778,0.0,0.0
5044,327.65647824106884,0.0,0.0
5045,344.337171678796,0.0,0.0
5046,351.4860402949647,0.0,0.0
5047,332.422390651848,0.0,0.0
5048,356.2519527057439,0.0,0.0
5049,409.86846732700974,0.0,0.0
5050,442.0383760997692,0.0,0.0
5051,340.7627373707116,0.0,0.0
5052,182.29614971230373,0.0,0.0
5053,23.829562053895913,0.0,0.0
5054,10.723302924253161,0.0,0.0
5056,464.6764600509703,0.0,0.0
5057,1165.2655844355102,0.0,0.0
5058,1109.2661136088548,0.0,0.0
5059,1022.2882121121347,0.0,0.0
5060,1080.6706391441796,0.0,0.0
5061,159.65806576110262,0.0,0.0
5062,969.8631755935637,0.0,0.0
5063,389.6133395811982,0.0,0.0
5064,1029.4370807283035,0.0,0.0
5065,993.6927376474596,0.0,0.0
5066,250.2104015659071,0.0,0.0
5067,461.1020257428859,0.0,0.0
5068,1081.8621172468745,0.0,0.0
5069,97.70120442097324,0.0,0.0
5070,110.807463550616,0.0,0.0
5072,201.35979935542048,0.0,0.0
5073,54.8079927239606,0.0,0.0
5088,212.08310227967362,0.0,0.0
5090,42.893211697012646,0.0,0.0
5211,183.48762781499855,0.0,0.0
5212,185.87058402038812,0.0,0.0
5213,408.6769892243149,0.0,0.0
5214,870.9704930698956,0.0,0.0
5215,838.8005842971362,0.0,0.0
5227,163.232500069187,0.0,0.0
5228,25.02104015659071,0.0,0.0
5229,23.829562053895913,0.0,0.0
5230,419.4002921485681,0.0,0.0
5231,431.31507317551603,0.0,0.0
5233,462.29350384558074,0.0,0.0
5235,207.31718986889445,0.0,0.0
5236,793.524416394734,0.0,0.0
5237,702.9720805899294,0.0,0.0
5238,704.1635586926243,0.0,0.0
5239,648.1640878659689,0.0,0.0
5242,88.16937959941488,0.0,0.0
5244,28.595474464675096,0.0,0.0
5245,10.723302924253161,0.0,0.0
5271,187.0620621230829,0.0,0.0
5276,506.37819364528815,0.0,0.0
5277,1556.070402119403,0.0,0.0
5278,1164.0741063328153,0.0,0.0
5279,1296.3281757319378,0.0,0.0
5287,2.382956205389591,0.0,0.0
5291,17.872171540421935,0.0,0.0
5292,166.8069343772714,0.0,0.0
5293,397.95368630006175,0.0,0.0
5294,395.5707300946722,0.0,0.0
5295,347.9116059868803,0.0,0.0
5300,810.2051098324611,0.0,0.0
5301,1171.222974948984,0.0,0.0
5302,5.957390513473978,0.0,0.0
5303,268.08257310632905,0.0,0.0
5304,346.72012788418556,0.0,0.0
5305,42.893211697012646,0.0,0.0
5306,208.50866797158923,0.0,0.0
5307,50.04208031318142,0.0,0.0
5313,380.08151475963984,0.0,0.0
5314,356.2519527057439,0.0,0.0
5315,308.59282859795206,0.0,0.0
5316,366.9752556299971,0.0,0.0
5317,420.59177025126286,0.0,0.0
5318,208.50866797158923,0.0,0.0
5319,396.762208197367,0.0,0.0
5320,1591.814745200247,0.0,0.0
5321,648.1640878659689,0.0,0.0
5322,1407.1356392825537,0.0,0.0
5323,969.8631755935637,0.0,0.0
5324,108.4245073452264,0.0,0.0
5325,36.935821183538664,0.0,0.0
5328,208.50866797158923,0.0,0.0
5330,48.85060221048662,0.0,0.0
5344,1379.7316429205734,0.0,0.0
5345,204.93423366350487,0.0,0.0
5346,79.82903288055131,0.0,0.0
5380,166.8069343772714,0.0,0.0
5381,370.5496899380815,0.0,0.0
5383,35.74434308084387,0.0,0.0
5384,171.57284678805058,0.0,0.0
5386,574.2924454988915,0.0,0.0
5387,4.765912410779182,0.0,0.0
5392,319.31613152220524,0.0,0.0
5393,59.57390513473978,0.0,0.0
5394,14.297737232337548,0.0,0.0
5408,420.59177025126286,0.0,0.0
5410,154.89215335032344,0.0,0.0
5563,34.552864978149074,0.0,0.0
5566,191.82797453386212,0.0,0.0
5567,16.68069343772714,0.0,0.0
5599,0.0,110.807463550616,0.0
5607,0.0,135.82850370720672,0.0
5610,2.382956205389591,0.0,0.0
5611,157.27510955571304,8.34034671886357,0.0
5612,0.0,114.38189785870038,0.0
5613,0.0,1317.7747815804441,0.0
5614,77.44607667516172,854.2897996321685,0.0
5615,0.0,2094.618504537451,0.0
5616,0.0,82.2119890859409,0.0
5617,0.0,85.78642339402529,0.0
5618,0.0,792.3329382920391,0.0
5619,0.0,536.1651462126581,0.0
5620,0.0,158.46658765840783,0.0
5621,0.0,816.1625003459351,0.0
5622,0.0,1131.904197560056,0.0
5623,0.0,1073.5217705280108,0.0
5624,0.0,1248.6690516241458,0.0
5625,0.0,1049.692208474115,0.0
5626,158.46658765840783,1490.5391064711894,0.0
5627,134.6370256045119,1223.648011467555,0.0
5628,0.0,1701.4307306481683,0.0
5629,0.0,1347.561734147814,0.0
5630,0.0,1547.7300554005396,0.0
5631,0.0,1303.4770443481066,0.0
5632,71.48868616168774,0.0,0.0
5633,96.50972631827845,0.0,0.0
5634,843.5664967079153,0.0,0.0
5635,805.4391974216819,0.0,0.0
5636,408.6769892243149,0.0,0.0
5637,405.10255491623053,0.0,0.0
5638,296.67804757100413,0.0,0.0
5639,189.44501832847251,0.0,0.0
5640,713.6953835141826,0.0,0.0
5641,716.0783397195722,0.0,0.0
5642,865.0131025564217,0.0,0.0
5643,763.7374638273641,0.0,0.0
5644,381.2729928623346,0.0,0.0
5646,77.44607667516172,0.0,0.0
5648,339.5712592680168,0.0,0.0
5650,52.42503651857101,0.0,0.0
5651,2.382956205389591,0.0,0.0
5654,235.91266433356955,0.0,0.0
5655,402.71959871084096,0.0,0.0
5657,152.50919714493384,0.0,0.0
5659,223.9978833066216,0.0,0.0
5660,455.14463522941196,0.0,0.0
5661,370.5496899380815,0.0,0.0
5662,425.35768266204207,0.0,0.0
5663,422.9747264566525,0.0,0.0
5664,314.5502191114261,0.0,0.0
5665,48.85060221048662,0.0,0.0
5681,30.97843067006469,0.0,0.0
5684,243.06153294973834,0.0,0.0
5685,154.89215335032344,0.0,0.0
5698,229.95527382009556,0.0,0.0
5701,54.8079927239606,0.0,0.0
5702,204.93423366350487,0.0,0.0
5703,395.5707300946722,0.0,0.0
5704,387.23038337580863,0.0,0.0
5705,63.148339442824174,0.0,0.0
5706,250.2104015659071,0.0,0.0
5707,94.12677011288886,0.0,0.0
5708,421.7832483539577,0.0,0.0
5709,365.7837775273023,0.0,0.0
5710,262.125182592855,0.0,0.0
5711,346.72012788418556,0.0,0.0
5712,67.91425185360336,0.0,0.0
5714,424.16620455934725,0.0,0.0
5715,89.36085770210968,0.0,0.0
5716,5.957390513473978,0.0,0.0
5717,213.27458038236844,0.0,0.0
5718,203.74275556081005,0.0,0.0
5719,468.2508943590547,0.0,0.0
5720,424.16620455934725,0.0,0.0
5721,101.27563872905763,0.0,0.0
5722,240.67857674434873,0.0,0.0
5723,42.893211697012646,0.0,0.0
5724,406.29403301892535,0.0,0.0
5725,334.80534685723757,0.0,0.0
5726,178.72171540421937,0.0,0.0
5727,407.4855111216201,0.0,0.0
5728,4.765912410779182,0.0,0.0
5732,10.723302924253161,0.0,0.0
5733,100.08416062636284,0.0,0.0
5744,1.1914781026947956,0.0,0.0
5748,83.4034671886357,0.0,0.0
5749,108.4245073452264,0.0,0.0
5888,272.8484855171082,0.0,0.0
5890,437.27246368899,0.0,0.0
5891,20.255127745811528,0.0,0.0
5896,375.31560234886064,0.0,0.0
5897,1.1914781026947956,0.0,0.0
5898,128.67963509103794,0.0,0.0
5904,19.06364964311673,0.0,0.0
5905,593.3560951420083,0.0,0.0
5906,245.4444891551279,0.0,0.0
5907,617.1856571959041,0.0,0.0
5908,556.4202739584696,0.0,0.0
5909,137.0199818099015,0.0,0.0
5910,552.8458396503852,0.0,0.0
5911,126.29667888564835,0.0,0.0
5912,580.2498360123654,0.0,0.0
5913,726.8016426438254,0.0,0.0
5914,290.72065705753016,0.0,0.0
5915,711.3124273087931,0.0,0.0
5916,613.6112228878197,0.0,0.0
5917,278.80587603058217,0.0,0.0
5918,189.44501832847251,0.0,0.0
5919,290.72065705753016,0.0,0.0
5936,7.148868616168774,0.0,0.0
5937,11.914781026947956,0.0,0.0
5940,114.38189785870038,0.0,0.0
5941,299.0610037763937,0.0,0.0
5942,184.67910591769333,0.0,0.0
5943,333.6138687545428,0.0,0.0
5948,46.46764600509703,0.0,0.0
5949,201.35979935542048,0.0,0.0
5952,204.93423366350487,0.0,0.0
5953,455.14463522941196,263.31666069554984,0.0
5954,400.3366425054514,0.0,0.0
5955,368.16673373269185,543.3140148288269,0.0
5956,272.8484855171082,1293.945219526548,0.0
5957,60.765383237434584,1875.3865336416084,0.0
5958,210.89162417697884,1361.8594713801515,0.0
5959,228.76379571740077,1503.645365600832,0.0
5960,588.5901827312291,0.0,0.0
5961,500.4208031318142,275.2314417224978,0.0
5962,544.5054929315216,0.0,0.0
5963,315.74169721412085,0.0,0.0
5964,119.14781026947956,1073.5217705280108,0.0
5965,334.80534685723757,1168.8400187435946,0.0
5966,1.1914781026947956,309.7843067006469,0.0
5967,291.9121351602249,1303.4770443481066,0.0
5968,328.8479563437636,1507.2197999089165,0.0
5969,175.14728109613498,1359.476515174762,0.0
5970,235.91266433356955,1398.79529256369,0.0
5971,141.7858942206807,1602.5380481245002,0.0
5972,0.0,1114.032026019634,0.0
5973,0.0,1380.9231210232683,0.0
5974,0.0,1174.7974092570685,0.0
5975,0.0,1384.4975553313525,0.0
5976,365.7837775273023,1538.1982305789813,0.0
5977,78.63755477785652,1248.6690516241458,0.0
5978,253.78483587399148,1634.7079568972597,0.0
5979,1.1914781026947956,1255.8179202403146,0.0
5980,0.0,1576.3255298652148,0.0
5981,0.0,1546.5385772978448,0.0
5982,0.0,1404.7526830771642,0.0
5983,0.0,1513.1771904223906,0.0
5984,282.38031033866656,0.0,0.0
5985,70.29720805899295,0.0,0.0
5986,246.6359672578227,0.0,0.0
5987,1.1914781026947956,0.0,0.0
5988,0.0,621.9515696066834,0.0
5989,13.106259129642753,1296.3281757319378,0.0
5990,0.0,770.8863324435329,0.0
5991,0.0,1309.4344348615805,0.0
5992,28.595474464675096,0.0,0.0
5996,0.0,422.9747264566525,0.0
5997,0.0,649.3555659686637,0.0
5999,0.0,57.19094892935019,0.0
6000,0.0,1421.4333765148913,0.0
6001,0.0,1143.8189785870038,0.0
6002,0.0,655.3129564821377,0.0
6003,0.0,831.6517156809674,0.0
6004,0.0,1303.4770443481066,0.0
6005,0.0,723.227208335741,0.0
6006,0.0,689.8658214602867,0.0
6007,0.0,246.6359672578227,0.0
6008,0.0,302.6354380844781,0.0
6009,0.0,5.957390513473978,0.0
6010,0.0,4.765912410779182,0.0
6012,0.0,166.8069343772714,0.0
6013,0.0,16.68069343772714,0.0
6239,13.106259129642753,0.0,0.0
6251,216.8490146904528,0.0,0.0
6252,154.89215335032344,0.0,0.0
6253,338.37978116532196,0.0,0.0
6254,828.077281372883,0.0,0.0
6255,809.0136317297663,0.0,0.0
6260,34.552864978149074,0.0,0.0
6261,368.16673373269185,0.0,0.0
6262,191.82797453386212,0.0,0.0
6263,359.8263870138283,0.0,0.0
6264,210.89162417697884,0.0,0.0
6265,4.765912410779182,0.0,0.0
6266,480.16567538600265,0.0,0.0
6267,64.33981754551897,0.0,0.0
6268,148.93476283684947,0.0,0.0
6269,131.0625912964275,0.0,0.0
6271,40.510255491623056,0.0,0.0
6337,486.12306589947667,0.0,0.0
6339,322.89056583028963,0.0,0.0
6340,706.5465148980138,0.0,0.0
6341,688.674343357592,0.0,0.0
6342,281.1888322359718,0.0,0.0
6343,623.1430477093782,0.0,0.0
6345,15.489215335032345,0.0,0.0
6348,125.10520078295355,0.0,0.0
6349,34.552864978149074,0.0,0.0
6352,575.4839236015863,0.0,0.0
6353,25.02104015659071,0.0,0.0
6354,129.87111319373273,0.0,0.0
6363,28.595474464675096,0.0,0.0
6364,1.1914781026947956,0.0,0.0
6365,58.38242703204499,0.0,0.0
6366,378.89003665694503,0.0,0.0
6367,685.0999090495076,0.0,0.0
6385,235.91266433356955,0.0,0.0
6387,283.5717884413614,0.0,0.0
6388,662.4618250983065,0.0,0.0
6389,847.1409310159997,0.0,0.0
6390,812.5880660378507,0.0,0.0
6391,844.7579748106101,0.0,0.0
6393,33.36138687545428,0.0,0.0
6395,38.12729928623346,0.0,0.0
6396,356.2519527057439,0.0,0.0
6397,399.14516440275656,0.0,0.0
6398,290.72065705753016,0.0,0.0
6399,347.9116059868803,0.0,0.0
6400,63.148339442824174,0.0,0.0
6401,799.4818069082079,0.0,0.0
6402,77.44607667516172,0.0,0.0
6403,683.9084309468127,0.0,0.0
6404,774.4607667516173,0.0,0.0
6405,921.0125733830771,0.0,0.0
6406,776.8437229570068,0.0,0.0
6407,1135.4786318681404,0.0,0.0
6409,140.5944161179859,0.0,0.0
6410,96.50972631827845,0.0,0.0
6411,226.3808395120112,0.0,0.0
6412,738.7164236707733,0.0,0.0
6413,470.6338505644443,0.0,0.0
6414,432.50655127821085,0.0,0.0
6415,428.93211697012646,0.0,0.0
6416,457.52759143480154,0.0,0.0
6417,64.33981754551897,0.0,0.0
6418,289.52917895483534,0.0,0.0
6424,394.37925199197736,0.0,0.0
6426,293.10361326291974,0.0,0.0
6432,426.5491607647369,0.0,0.0
6433,274.039963619803,0.0,0.0
6434,322.89056583028963,0.0,0.0
6435,355.0604746030491,0.0,0.0
6436,225.18936140931638,0.0,0.0
6437,198.97684315003087,0.0,0.0
6440,352.6775183976595,0.0,0.0
6441,141.7858942206807,0.0,0.0
6442,41.70173359431785,0.0,0.0
6447,3.574434308084387,0.0,0.0
6448,21.446605848506323,0.0,0.0
6458,96.50972631827845,0.0,0.0
6459,59.57390513473978,0.0,0.0
6532,4.765912410779182,0.0,0.0
6533,376.50708045155545,0.0,0.0
6534,202.55127745811527,0.0,0.0
6535,413.44290163509413,0.0,0.0
6536,10.723302924253161,0.0,0.0
6538,615.9941790932094,0.0,0.0
6539,119.14781026947956,0.0,0.0
6540,219.2319708958424,0.0,0.0
6541,177.53023730152455,0.0,0.0
6543,58.38242703204499,0.0,0.0
6544,481.35715348869746,0.0,0.0
6545,376.50708045155545,0.0,0.0
6546,382.4644709650294,0.0,0.0
6547,388.4218614785034,0.0,0.0
6552,426.5491607647369,0.0,0.0
6553,101.27563872905763,0.0,0.0
6554,35.74434308084387,0.0,0.0
6560,781.6096353677859,0.0,0.0
6561,283.5717884413614,0.0,0.0
6562,540.9310586234373,0.0,0.0
6563,150.12624093954426,0.0,0.0
6568,152.50919714493384,0.0,0.0
6570,122.72224457756396,0.0,0.0
6669,2.382956205389591,0.0,0.0
6671,173.95580299344016,0.0,0.0
6673,113.1904197560056,0.0,0.0
6674,35.74434308084387,0.0,0.0
6675,369.35821183538667,0.0,0.0
6676,299.0610037763937,0.0,0.0
6677,278.80587603058217,0.0,0.0
6678,346.72012788418556,0.0,0.0
6679,352.6775183976595,0.0,0.0
6680,246.6359672578227,0.0,0.0
6681,657.6959126875272,0.0,0.0
6682,464.6764600509703,0.0,0.0
6683,415.8258578404837,0.0,0.0
6684,402.71959871084096,0.0,0.0
6685,364.59229942460746,0.0,0.0
6686,608.8453104770406,0.0,0.0
6687,250.2104015659071,0.0,0.0
6693,296.67804757100413,0.0,0.0
6695,48.85060221048662,0.0,0.0
6704,287.14622274944577,0.0,0.0
6705,496.8463688237298,0.0,0.0
6706,133.44554750181712,0.0,0.0
6707,477.78271918061307,0.0,0.0
6708,702.9720805899294,0.0,0.0
6709,424.16620455934725,0.0,0.0
6710,355.0604746030491,0.0,0.0
6711,377.6985585542502,0.0,0.0
6713,181.10467160960894,0.0,0.0
6716,169.18989058266098,0.0,0.0
6717,346.72012788418556,0.0,0.0
6718,27.4039963619803,0.0,0.0
6719,1.1914781026947956,0.0,0.0
6720,21.446605848506323,0.0,0.0
6722,97.70120442097324,0.0,0.0
6728,25.02104015659071,0.0,0.0
6730,79.82903288055131,0.0,0.0
6737,285.95474464675095,0.0,0.0
6738,16.68069343772714,0.0,0.0
6739,362.2093432192179,0.0,0.0
6740,374.1241242461658,0.0,0.0
6741,369.35821183538667,0.0,0.0
6742,297.86952567369894,0.0,0.0
6743,361.01786511652307,0.0,0.0
6745,63.148339442824174,0.0,0.0
6748,117.95633216678478,0.0,0.0
6749,160.8495438637974,0.0,0.0
6751,29.78695256736989,0.0,0.0
6752,326.465000138374,0.0,0.0
6754,309.7843067006469,0.0,0.0
6760,39.31877738892826,0.0,0.0
6807,122.72224457756396,0.0,0.0
6812,86.97790149672008,0.0,0.0
6813,756.5885952111953,0.0,0.0
6814,100.08416062636284,0.0,0.0
6815,517.1014965695414,0.0,0.0
6849,94.12677011288886,0.0,0.0
6850,631.4833944282417,0.0,0.0
6851,782.8011134704808,0.0,0.0
6852,151.31771904223905,0.0,0.0
6853,17.872171540421935,0.0,0.0
6854,797.0988507028184,0.0,0.0
6855,325.2735220356792,0.0,0.0
6856,625.5260039147678,0.0,0.0
6857,708.9294711034034,0.0,0.0
6858,57.19094892935019,0.0,0.0
6859,353.86899650035434,0.0,0.0
6860,719.6527740276566,0.0,0.0
6861,346.72012788418556,0.0,0.0
6862,432.50655127821085,0.0,0.0
6863,328.8479563437636,0.0,0.0
6866,34.552864978149074,0.0,0.0
6867,70.29720805899295,0.0,0.0
6870,4.765912410779182,0.0,0.0
6872,440.8468979970744,0.0,0.0
6873,440.8468979970744,0.0,0.0
6874,350.29456219226995,0.0,0.0
6875,371.74116804077624,0.0,0.0
6876,203.74275556081005,0.0,0.0
6878,28.595474464675096,0.0,0.0
6881,44.08468979970744,0.0,0.0
6884,297.86952567369894,0.0,0.0
6885,33.36138687545428,0.0,0.0
6896,163.232500069187,0.0,0.0
6897,10.723302924253161,0.0,0.0
6912,275.2314417224978,0.0,0.0
6913,148.93476283684947,0.0,0.0
6914,351.4860402949647,0.0,0.0
6915,421.7832483539577,0.0,0.0
6916,250.2104015659071,0.0,0.0
6917,156.08363145301823,0.0,0.0
6918,415.8258578404837,0.0,0.0
6919,411.0599454297045,0.0,0.0
6920,418.2088140458733,0.0,0.0
6921,243.06153294973834,0.0,0.0
6922,71.48868616168774,0.0,0.0
6923,81.02051098324611,0.0,0.0
6924,384.847427170419,0.0,0.0
6925,131.0625912964275,0.0,0.0
6926,45.276167902402236,0.0,0.0
7015,7.148868616168774,0.0,0.0
7017,238.29562053895913,0.0,0.0
7018,193.0194526365569,0.0,0.0
7019,1227.2224457756395,0.0,0.0
7020,986.5438690312908,0.0,0.0
7021,1189.095146489406,0.0,0.0
7022,1119.989416533108,0.0,0.0
7023,1198.6269713109646,0.0,0.0
7026,1.1914781026947956,0.0,0.0
7032,905.5233580480448,0.0,0.0
7033,20.255127745811528,0.0,0.0
7034,1034.2029931390828,0.0,0.0
7035,14.297737232337548,0.0,0.0
7104,332.422390651848,0.0,0.0
7105,1074.7132486307057,0.0,0.0
7108,1075.9047267334006,0.0,0.0
7109,683.9084309468127,0.0,0.0
7120,115.57337596139519,0.0,0.0
7405,82.2119890859409,0.0,0.0
7407,228.76379571740077,0.0,0.0
7410,125.10520078295355,0.0,0.0
7411,408.6769892243149,0.0,0.0
7414,310.9757848033417,0.0,0.0
7415,1.1914781026947956,0.0,0.0
7416,607.6538323743458,0.0,0.0
7417,606.4623542716511,0.0,0.0
7418,474.2082848725287,0.0,0.0
7419,464.6764600509703,0.0,0.0
7420,482.5486315913923,0.0,0.0
7421,38.12729928623346,0.0,0.0
7422,330.0394344464584,0.0,0.0
7423,3.574434308084387,0.0,0.0
7517,19.06364964311673,0.0,0.0
7519,237.10414243626434,0.0,0.0
7535,69.10572995629815,0.0,0.0
7540,44.08468979970744,0.0,0.0
7541,330.0394344464584,0.0,0.0
7542,126.29667888564835,0.0,0.0
7543,314.5502191114261,0.0,0.0
7544,184.67910591769333,0.0,0.0
7545,232.33823002548516,0.0,0.0
7546,451.57020092132757,0.0,0.0
7547,601.6964418608718,0.0,0.0
7548,206.12571176619966,0.0,0.0
7549,355.0604746030491,0.0,0.0
7550,409.86846732700974,0.0,0.0
7551,183.48762781499855,0.0,0.0
7558,232.33823002548516,0.0,0.0
7559,132.25406939912233,0.0,0.0
7561,621.9515696066834,0.0,0.0
7562,95.31824821558365,0.0,0.0
7563,1142.6275004843092,0.0,0.0
7564,1239.1372268025875,0.0,0.0
7565,1067.564380014537,0.0,0.0
7566,1087.8195077603484,0.0,0.0
7567,1173.6059311543738,0.0,0.0
7576,35.74434308084387,0.0,0.0
7578,27.4039963619803,0.0,0.0
7582,1.1914781026947956,0.0,0.0
7583,54.8079927239606,0.0,0.0
7584,251.40187966860188,0.0,0.0
7585,1186.7121902840165,0.0,0.0
7586,1.1914781026947956,0.0,0.0
7587,413.44290163509413,0.0,0.0
7588,1137.86158807353,0.0,0.0
7589,713.6953835141826,0.0,0.0
7590,470.6338505644443,0.0,0.0
7591,39.31877738892826,0.0,0.0
7597,169.18989058266098,0.0,0.0
7598,114.38189785870038,0.0,0.0
7599,413.44290163509413,0.0,0.0
7601,3.574434308084387,0.0,0.0
7602,32.169908772759484,0.0,0.0
7603,461.1020257428859,0.0,0.0
7604,279.997354133277,0.0,0.0
7605,412.2514235323993,0.0,0.0
7606,667.2277375090856,0.0,0.0
7607,287.14622274944577,0.0,0.0
7608,570.7180111908071,0.0,0.0
7609,745.8652922869421,0.0,0.0
7610,753.0141609031109,0.0,0.0
7611,707.7379930007087,0.0,0.0
7612,673.1851280225595,0.0,0.0
7613,461.1020257428859,0.0,0.0
7614,433.6980293809056,0.0,0.0
7615,88.16937959941488,0.0,0.0
7621,241.87005484704352,0.0,0.0
7622,3.574434308084387,0.0,0.0
7623,554.03731775308,0.0,0.0
7628,89.36085770210968,0.0,0.0
7629,612.419744785125,0.0,0.0
7630,260.93370449016027,0.0,0.0
7631,563.5691425746384,0.0,0.0
7632,663.6533032010012,0.0,0.0
7633,741.099379876163,0.0,0.0
7634,823.3113689621039,0.0,0.0
7635,817.3539784486298,0.0,0.0
7636,500.4208031318142,0.0,0.0
7637,81.02051098324611,0.0,0.0
7638,447.9957666132432,0.0,0.0
7639,64.33981754551897,0.0,0.0
7640,863.8216244537268,0.0,0.0
7641,766.1204200327536,0.0,0.0
7642,839.992062399831,0.0,0.0
7643,558.8032301638592,0.0,0.0
7644,276.4229198251926,0.0,0.0
7645,315.74169721412085,0.0,0.0
7646,185.87058402038812,0.0,0.0
7647,409.86846732700974,0.0,0.0
7648,71.48868616168774,0.0,0.0
7650,116.76485406408997,0.0,0.0
7652,129.87111319373273,0.0,0.0
7653,471.8253286671391,0.0,0.0
7654,28.595474464675096,0.0,0.0
7655,83.4034671886357,0.0,0.0
7656,53.61651462126581,0.0,0.0
7664,564.7606206773331,0.0,0.0
7665,335.9968249599324,0.0,0.0
7666,207.31718986889445,0.0,0.0
7667,75.06312046977213,0.0,0.0
7668,160.8495438637974,0.0,0.0
7669,419.4002921485681,0.0,0.0
7670,85.78642339402529,0.0,0.0
7671,389.6133395811982,0.0,0.0
7677,14.297737232337548,0.0,0.0
7749,54.8079927239606,0.0,0.0
7760,299.0610037763937,0.0,0.0
7761,375.31560234886064,0.0,0.0
7764,57.19094892935019,0.0,0.0
7789,5.957390513473978,0.0,0.0
7791,54.8079927239606,0.0,0.0
7795,194.2109307392517,0.0,0.0
7798,258.5507482847707,0.0,0.0
7799,15.489215335032345,0.0,0.0
7800,284.7632665440562,0.0,0.0
7801,340.7627373707116,0.0,0.0
7802,439.65541989437963,0.0,0.0
7803,394.37925199197736,0.0,0.0
7804,252.5933577712967,0.0,0.0
7805,215.65753658775802,0.0,0.0
7806,359.8263870138283,0.0,0.0
7807,90.55233580480447,0.0,0.0
7888,120.33928837217437,0.0,0.0
7889,169.18989058266098,0.0,0.0
7892,72.68016426438254,0.0,0.0
7940,219.2319708958424,0.0,0.0
7941,352.6775183976595,0.0,0.0
7942,84.59494529133049,0.0,0.0
7943,321.6990877275948,0.0,0.0
7952,500.4208031318142,0.0,0.0
7953,551.6543615476904,0.0,0.0
7954,212.08310227967362,0.0,0.0
7955,10.723302924253161,0.0,0.0
7956,177.53023730152455,0.0,0.0
8021,113.1904197560056,0.0,0.0
8023,339.5712592680168,0.0,0.0
8025,122.72224457756396,0.0,0.0
8026,64.33981754551897,0.0,0.0
8027,430.1235950728213,0.0,0.0
8028,335.9968249599324,0.0,0.0
8029,413.44290163509413,0.0,0.0
8030,480.16567538600265,0.0,0.0
8031,421.7832483539577,0.0,0.0
8048,253.78483587399148,0.0,0.0
8049,339.5712592680168,0.0,0.0
8050,284.7632665440562,0.0,0.0
8051,393.1877738892826,0.0,0.0
8052,383.65594906772424,0.0,0.0
8053,326.465000138374,0.0,0.0
8054,258.5507482847707,0.0,0.0
8056,108.4245073452264,0.0,0.0
8057,452.7616790240224,0.0,0.0
8058,160.8495438637974,0.0,0.0
8059,831.6517156809674,0.0,0.0
8060,452.7616790240224,0.0,0.0
8061,128.67963509103794,0.0,0.0
8062,705.355036795319,0.0,0.0
8063,185.87058402038812,0.0,0.0
8133,9.531824821558365,0.0,0.0
8134,163.232500069187,0.0,0.0
8135,617.1856571959041,0.0,0.0
8137,127.48815698834314,0.0,0.0
8139,502.80375933720376,0.0,0.0
8140,868.5875368645061,0.0,0.0
8141,866.2045806591165,0.0,0.0
8142,748.2482484923316,0.0,0.0
8143,716.0783397195722,0.0,0.0
8144,574.2924454988915,0.0,0.0
8145,851.9068434267789,0.0,0.0
8146,749.4397265950265,0.0,0.0
8147,830.4602375782727,0.0,0.0
8148,692.2487776656762,0.0,0.0
8149,125.10520078295355,0.0,0.0
8150,674.3766061252544,0.0,0.0
8151,22.638083951201118,0.0,0.0
8152,1011.5649091878815,0.0,0.0
8153,552.8458396503852,0.0,0.0
8154,699.397646281845,0.0,0.0
8155,15.489215335032345,0.0,0.0
8156,110.807463550616,0.0,0.0
8161,184.67910591769333,0.0,0.0
8164,417.01733594317847,0.0,0.0
8165,641.0152192498001,0.0,0.0
8176,148.93476283684947,0.0,0.0
8208,64.33981754551897,0.0,0.0
8209,243.06153294973834,0.0,0.0
8212,146.55180663145987,0.0,0.0
8381,26.212518259285506,0.0,0.0
8382,162.04102196649222,0.0,0.0
8383,745.8652922869421,0.0,0.0
8413,129.87111319373273,0.0,0.0
8415,265.6996169009394,0.0,0.0
8424,20.255127745811528,0.0,0.0
8426,741.099379876163,0.0,0.0
8427,208.50866797158923,0.0,0.0
8437,190.6364964311673,0.0,0.0
8439,2.382956205389591,0.0,0.0
8468,679.1425185360335,0.0,0.0
8469,705.355036795319,0.0,0.0
8470,585.0157484231447,0.0,0.0
8471,680.3339966387283,0.0,0.0
8476,98.89268252366804,0.0,0.0
8477,511.14410605606736,0.0,0.0
8512,674.3766061252544,0.0,0.0
8513,228.76379571740077,0.0,0.0
8514,704.1635586926243,0.0,0.0
8515,290.72065705753016,0.0,0.0
8520,463.4849819482755,0.0,0.0
8521,40.510255491623056,0.0,0.0
8525,185.87058402038812,0.0,0.0
8526,53.61651462126581,0.0,0.0
8527,402.71959871084096,0.0,0.0
8536,334.80534685723757,0.0,0.0
8537,170.3813686853558,0.0,0.0
8538,368.16673373269185,0.0,0.0
8539,378.89003665694503,0.0,0.0
8542,64.33981754551897,0.0,0.0
8548,26.212518259285506,0.0,0.0
8549,400.3366425054514,0.0,0.0
8551,89.36085770210968,0.0,0.0
8560,369.35821183538667,0.0,0.0
8561,409.86846732700974,0.0,0.0
8562,262.125182592855,0.0,0.0
8563,156.08363145301823,0.0,0.0
8564,46.46764600509703,0.0,0.0
8578,7.148868616168774,0.0,0.0
8579,2.382956205389591,0.0,0.0
8584,396.762208197367,0.0,0.0
8585,341.95421547340635,0.0,0.0
8586,383.65594906772424,0.0,0.0
8587,249.0189234632123,0.0,0.0
8588,48.85060221048662,0.0,0.0
8590,128.67963509103794,0.0,0.0
8608,400.3366425054514,0.0,0.0
8609,366.9752556299971,0.0,0.0
8610,119.14781026947956,0.0,0.0
8611,137.0199818099015,0.0,0.0
8612,90.55233580480447,0.0,0.0
8614,15.489215335032345,0.0,0.0
8724,439.65541989437963,0.0,0.0
8725,723.227208335741,0.0,0.0
8726,218.04049279314762,0.0,0.0
8727,732.7590331572993,0.0,0.0
8733,127.48815698834314,0.0,0.0
8768,604.0793980662614,0.0,0.0
8769,619.5686134012938,0.0,0.0
8770,701.7806024872347,0.0,0.0
8771,488.50602210486625,0.0,0.0
8776,307.4013504952573,0.0,0.0
8777,61.95686134012938,0.0,0.0
8863,3.574434308084387,0.0,0.0
8884,9.531824821558365,0.0,0.0
8885,306.2098723925625,0.0,0.0
8886,71.48868616168774,0.0,0.0
8887,421.7832483539577,0.0,0.0
8892,17.872171540421935,0.0,0.0
8893,364.59229942460746,0.0,0.0
8895,26.212518259285506,0.0,0.0
8906,60.765383237434584,0.0,0.0
8907,7.148868616168774,0.0,0.0
8928,452.7616790240224,0.0,0.0
8929,299.0610037763937,0.0,0.0
8930,346.72012788418556,0.0,0.0
8931,382.4644709650294,0.0,0.0
8932,21.446605848506323,0.0,0.0
8934,86.97790149672008,0.0,0.0
8936,407.4855111216201,0.0,0.0
8937,364.59229942460746,0.0,0.0
8938,125.10520078295355,0.0,0.0
8939,23.829562053895913,0.0,0.0
9047,264.50813879824466,0.0,0.0
9053,575.4839236015863,0.0,0.0
9055,540.9310586234373,0.0,0.0
9067,232.33823002548516,0.0,0.0
9070,586.2072265258395,0.0,0.0
9071,358.6349089111335,0.0,0.0
9077,35.74434308084387,0.0,0.0
9131,281.1888322359718,0.0,0.0
9134,655.3129564821377,0.0,0.0
9135,543.3140148288269,0.0,0.0
9144,0.0,0.0,39.31877738892826
9145,0.0,0.0,2045.7679023269643
9146,46.46764600509703,0.0,2605.7626105935183
9147,0.0,0.0,6529.300002767481
9148,0.0,0.0,3460.052410225687
9149,0.0,0.0,941.2677011288886
9150,0.0,0.0,6289.812904125826
9151,0.0,0.0,4236.896133182693
9152,126.29667888564835,0.0,0.0
9153,735.141989362689,0.0,0.0
9154,232.33823002548516,0.0,0.0
9155,745.8652922869421,0.0,0.0
9156,657.6959126875272,0.0,0.0
9157,683.9084309468127,0.0,0.0
9158,673.1851280225595,0.0,0.0
9159,633.8663506336313,0.0,0.0
9160,16.68069343772714,0.0,0.0
9161,400.3366425054514,0.0,0.0
9164,470.6338505644443,0.0,0.0
9165,142.97737232337548,0.0,0.0
9168,85.78642339402529,0.0,0.0
9170,16.68069343772714,0.0,0.0
9220,29.78695256736989,0.0,0.0
9221,397.95368630006175,0.0,0.0
9222,22.638083951201118,0.0,0.0
9223,419.4002921485681,0.0,0.0
9229,137.0199818099015,0.0,0.0
9232,407.4855111216201,0.0,0.0
9233,380.08151475963984,0.0,0.0
9234,362.2093432192179,0.0,0.0
9235,382.4644709650294,0.0,0.0
9236,77.44607667516172,0.0,0.0
9238,54.8079927239606,0.0,0.0
9240,309.7843067006469,0.0,0.0
9241,196.5938869446413,0.0,0.0
9323,78.63755477785652,0.0,0.0
9326,150.12624093954426,0.0,0.0
9327,4.765912410779182,0.0,0.0
9334,0.0,0.0,608.8453104770406
9335,0.0,0.0,719.6527740276566
9337,0.0,0.0,3100.2260232118583
9338,0.0,0.0,275.2314417224978
9339,0.0,0.0,7181.038524941534
9340,0.0,0.0,7643.332028787115
9341,0.0,0.0,7644.523506889809
9342,0.0,0.0,7549.205258674226
9343,0.0,0.0,7509.886481285297
9408,229.95527382009556,0.0,0.0
9409,750.6312046977213,0.0,0.0
9410,574.2924454988915,0.0,0.0
9411,664.844781303696,0.0,0.0
9412,742.2908579788577,0.0,0.0
9413,328.8479563437636,0.0,0.0
9414,624.3345258120729,0.0,0.0
9415,397.95368630006175,0.0,0.0
9416,473.01680676983386,0.0,0.0
9417,743.4823360815525,0.0,0.0
9418,5.957390513473978,0.0,0.0
9419,142.97737232337548,0.0,0.0
9420,646.972609763274,0.0,0.0
9421,81.02051098324611,0.0,0.0
9422,40.510255491623056,0.0,0.0
9424,0.0,0.0,369.35821183538667
9425,0.0,0.0,7028.5293277966
9427,45.276167902402236,0.0,1086.6280296576538
9428,0.0,0.0,8104.43405453
9429,0.0,0.0,7069.039583288223
9430,340.7627373707116,0.0,3125.2470633684493
9431,437.27246368899,0.0,736.3334674653837
9433,276.4229198251926,0.0,0.0
9435,327.65647824106884,0.0,0.0
9436,447.9957666132432,0.0,0.0
9437,432.50655127821085,0.0,0.0
9438,434.8895074836004,0.0,0.0
9439,436.08098558629524,0.0,0.0
9457,70.29720805899295,0.0,0.0
9460,220.4234489985372,0.0,0.0
9461,85.78642339402529,0.0,0.0
9512,0.0,0.0,2043.3849461215746
9514,0.0,0.0,3765.0708045155543
9578,96.50972631827845,0.0,0.0
9579,321.6990877275948,0.0,0.0
9582,20.255127745811528,0.0,0.0
9600,0.0,0.0,445.6128104078536
9602,167.9984124799662,0.0,0.0
9608,289.52917895483534,0.0,0.0
9610,122.72224457756396,0.0,0.0
9621,66.72277375090856,0.0,0.0
9623,276.4229198251926,0.0,0.0
9629,412.2514235323993,0.0,0.0
9631,301.44395998178334,0.0,0.0
9664,422.9747264566525,0.0,0.0
9665,483.74010969408704,0.0,0.0
9666,409.86846732700974,0.0,0.0
9667,452.7616790240224,0.0,0.0
9668,58.38242703204499,0.0,0.0
9670,16.68069343772714,0.0,0.0
9672,456.3361133321068,0.0,0.0
9673,266.89109500363423,0.0,0.0
9674,314.5502191114261,0.0,0.0
9675,13.106259129642753,0.0,0.0
9728,64.33981754551897,0.0,0.0
9729,53.61651462126581,0.0,0.0
9730,656.5044345848324,0.0,0.0
9731,654.1214783794428,0.0,0.0
9734,176.33875919882976,0.0,0.0
9736,613.6112228878197,0.0,0.0
9737,612.419744785125,0.0,0.0
9738,683.9084309468127,0.0,0.0
9739,624.3345258120729,0.0,0.0
9740,355.0604746030491,0.0,0.0
9742,46.46764600509703,0.0,0.0
9760,197.7853650473361,0.0,0.0
9761,51.23355841587622,0.0,0.0
9791,0.0,0.0,4.765912410779182
9812,0.0,0.0,25.02104015659071
9813,0.0,0.0,2168.490146904528
9814,0.0,0.0,3032.311771358255
9815,0.0,0.0,7402.653452042766
9817,0.0,0.0,359.8263870138283
9818,0.0,0.0,571.9094892935019
9819,0.0,0.0,1832.493321944596
9820,0.0,0.0,7206.059565098124
9821,0.0,0.0,6685.383634220499
9822,0.0,0.0,7057.124802261274
9823,0.0,0.0,7221.548780433157
9829,0.0,0.0,2847.6326654405616
9830,0.0,0.0,1460.7521539038196
9831,0.0,0.0,6488.789747275858
9834,0.0,0.0,1952.8326103167701
9835,0.0,0.0,3821.0702753422097
9836,0.0,0.0,3523.200749668511
9837,0.0,0.0,6003.858159479076
9838,0.0,0.0,2766.6121544573157
9839,0.0,0.0,5602.3300388709295
9840,0.0,0.0,5999.092247068296
9841,0.0,0.0,4160.641534610227
9842,0.0,0.0,6212.3668274506645
9843,0.0,0.0,4476.383231824348
9844,0.0,0.0,4798.082319551942
9845,0.0,0.0,3561.328048954744
9848,0.0,0.0,6109.899710618913
9849,0.0,0.0,1882.5354022577772
9850,0.0,0.0,3630.4337789110423
9851,0.0,0.0,21.446605848506323
9877,0.0,0.0,2407.977245546182
9878,0.0,0.0,97.70120442097324
9879,0.0,0.0,5537.99022132541
9884,0.0,0.0,386.0389052731138
9885,0.0,0.0,5661.9039440056695
9887,0.0,0.0,1165.2655844355102
9920,0.0,0.0,6041.985458765309
9921,0.0,0.0,5974.071206911705
9922,0.0,0.0,5723.860805345798
9923,0.0,0.0,5649.989162978721
9924,0.0,0.0,2035.0445994027111
9925,0.0,0.0,334.80534685723757
9926,0.0,0.0,940.0762230261938
9928,0.0,0.0,5853.731918539531
9929,0.0,0.0,3219.373833481338
9930,0.0,0.0,1632.3250006918702
9931,0.0,0.0,34.552864978149074
9936,0.0,0.0,2.382956205389591
9983,0.0,0.0,7.148868616168774
9984,0.0,0.0,2579.550092334233
9986,0.0,0.0,6571.001736361798
9987,0.0,0.0,182.29614971230373
9992,0.0,0.0,6230.238998991087
9993,0.0,0.0,41.70173359431785
9994,0.0,0.0,2759.463285841147
10016,0.0,0.0,53.61651462126581
10092,3.574434308084387,0.0,0.0
10093,175.14728109613498,0.0,0.0
10094,203.74275556081005,0.0,0.0
10095,513.527062261457,0.0,0.0
10104,70.29720805899295,0.0,0.0
10106,285.95474464675095,0.0,0.0
10145,0.0,0.0,10.723302924253161
10146,25.02104015659071,0.0,258.5507482847707
10147,826.8858032701883,0.0,4857.656224686682
10148,0.0,0.0,227.57231761470598
10150,1054.4581208848942,0.0,6373.216371314462
10151,67.91425185360336,0.0,841.1835405025257
10152,611.2282666824302,0.0,3524.392227771206
10153,1240.3287049052824,0.0,7301.377813313708
10154,949.6080478477521,0.0,5941.901298138946
10155,999.6501281609336,0.0,6525.725568459396
10156,1196.2440151055748,0.0,6852.19056859777
10157,214.46605848506323,0.0,1813.429672301479
10158,411.0599454297045,0.0,6405.386280087222
10159,20.255127745811528,0.0,655.3129564821377
10177,13.106259129642753,0.0,0.0
10179,134.6370256045119,0.0,0.0
10180,492.08045641295064,0.0,0.0
10181,773.2692886489224,0.0,0.0
10182,782.8011134704808,0.0,0.0
10183,819.7369346540195,0.0,0.0
10185,132.25406939912233,0.0,0.0
10187,42.893211697012646,0.0,0.0
10188,774.4607667516173,0.0,0.0
10189,593.3560951420083,0.0,0.0
10190,515.9100184668465,0.0,0.0
10191,381.2729928623346,0.0,0.0
10192,503.9952374398986,0.0,0.0
10194,384.847427170419,0.0,0.0
10197,0.0,0.0,598.1220075527874
10198,0.0,0.0,10.723302924253161
10199,0.0,0.0,4681.317465487852
10200,181.10467160960894,0.0,0.0
10202,20.255127745811528,0.0,0.0
10204,0.0,0.0,1291.5622633211585
10205,0.0,0.0,6671.085896988161
10206,0.0,0.0,3146.6936692169556
10207,0.0,0.0,6596.022776518389
10212,134.6370256045119,0.0,0.0
10213,29.78695256736989,0.0,0.0
10228,0.0,0.0,3277.756260513383
10229,0.0,0.0,6556.7039991294605
10230,0.0,0.0,854.2897996321685
10231,0.0,0.0,3858.0060965257485
10236,0.0,0.0,251.40187966860188
10237,0.0,0.0,6681.809199912414
10238,0.0,0.0,2522.3591434048826
10239,0.0,0.0,7345.462503113416
10282,85.78642339402529,0.0,0.0
10347,259.74222638746545,0.0,0.0
10350,627.9089601201573,0.0,0.0
10351,507.56967174798297,0.0,0.0
10362,23.829562053895913,0.0,0.0
10368,393.1877738892826,0.0,422.9747264566525
10369,126.29667888564835,0.0,0.0
10370,552.8458396503852,0.0,1620.4102196649221
10371,288.3377008521406,0.0,0.0
10372,177.53023730152455,0.0,0.0
10373,1.1914781026947956,0.0,0.0
10374,355.0604746030491,0.0,0.0
10375,115.57337596139519,0.0,0.0
10376,459.9105476401911,0.0,2511.635840480629
10377,328.8479563437636,0.0,3314.692081696922
10378,381.2729928623346,0.0,6288.621426023132
10379,258.5507482847707,0.0,6016.964418608718
10380,396.762208197367,0.0,868.5875368645061
10381,64.33981754551897,0.0,0.0
10382,170.3813686853558,0.0,4346.512118630615
10383,2.382956205389591,0.0,11.914781026947956
10400,736.3334674653837,0.0,6398.237411471053
10401,0.0,0.0,5603.521516973624
10402,521.8674089803205,0.0,5173.397921900803
10403,0.0,0.0,5153.142794154991
10404,0.0,0.0,4963.697775826519
10405,0.0,0.0,63.148339442824174
10406,0.0,0.0,1649.0056941295973
10407,193.0194526365569,0.0,0.0
10408,13.106259129642753,0.0,40.510255491623056
10409,0.0,0.0,61.95686134012938
10413,467.0594162563599,0.0,0.0
10415,219.2319708958424,0.0,0.0
10416,134.6370256045119,0.0,0.0
10417,268.08257310632905,0.0,0.0
10418,704.1635586926243,0.0,0.0
10419,663.6533032010012,0.0,0.0
10420,61.95686134012938,0.0,0.0
10422,442.0383760997692,0.0,0.0
10424,658.8873907902221,0.0,0.0
10425,514.7185403641517,0.0,0.0
10426,649.3555659686637,0.0,0.0
10427,613.6112228878197,0.0,0.0
10428,302.6354380844781,0.0,0.0
10430,121.53076647486917,0.0,0.0
10432,70.29720805899295,0.0,0.0
10433,699.397646281845,0.0,0.0
10434,98.89268252366804,0.0,0.0
10435,750.6312046977213,0.0,0.0
10436,614.8027009905146,0.0,0.0
10437,643.3981754551896,0.0,0.0
10438,677.9510404333388,0.0,0.0
10439,626.7174820174625,0.0,0.0
10441,241.87005484704352,0.0,0.0
10444,406.29403301892535,0.0,0.0
10445,102.46711683175243,0.0,0.0
10448,169.18989058266098,0.0,0.0
10450,20.255127745811528,0.0,0.0
10496,73.87164236707733,0.0,0.0
10497,691.0572995629815,0.0,0.0
10498,70.29720805899295,0.0,0.0
10499,702.9720805899294,0.0,0.0
10500,655.3129564821377,0.0,0.0
10501,681.5254747414232,0.0,0.0
10502,738.7164236707733,0.0,0.0
10503,652.930000276748,0.0,0.0
10505,209.70014607428405,0.0,0.0
10508,395.5707300946722,0.0,0.0
10509,98.89268252366804,0.0,0.0
10512,221.614927101232,0.0,5006.590987523531
10513,0.0,0.0,6344.620896849787
10514,20.255127745811528,0.0,2992.9929939693266
10515,0.0,0.0,5965.730860192842
10516,0.0,0.0,6417.30106111417
10517,0.0,0.0,3738.858286256269
10518,0.0,0.0,4848.124399865123
10519,0.0,0.0,713.6953835141826
10521,0.0,0.0,289.52917895483534
10524,0.0,0.0,57.19094892935019
10718,81.02051098324611,0.0,0.0
10719,254.97631397668627,0.0,397.95368630006175
10737,111.9989416533108,0.0,0.0
10739,315.74169721412085,0.0,0.0
10740,453.95315712671714,0.0,0.0
10741,420.59177025126286,0.0,2882.1855304187106
10742,452.7616790240224,0.0,0.0
10743,402.71959871084096,0.0,1285.6048728076846
10745,116.76485406408997,0.0,0.0
10748,281.1888322359718,0.0,0.0
10749,191.82797453386212,0.0,0.0
10768,34.552864978149074,0.0,0.0
10769,8.34034671886357,0.0,0.0
10910,0.0,110.807463550616,0.0
10911,0.0,307.4013504952573,0.0
10929,0.0,222.8064052039268,0.0
10930,0.0,21.446605848506323,0.0
10931,0.0,471.8253286671391,0.0
10932,0.0,468.2508943590547,0.0
10933,0.0,374.1241242461658,0.0
10934,0.0,478.9741972833079,0.0
10935,0.0,382.4644709650294,0.0
10937,0.0,35.74434308084387,0.0
10940,0.0,44.08468979970744,0.0
10954,0.0,380.08151475963984,0.0
10955,0.0,231.14675192279037,0.0
10976,0.0,470.6338505644443,0.0
10977,0.0,170.3813686853558,0.0
10978,0.0,144.1688504260703,0.0
10991,0.0,20.255127745811528,0.0
10998,0.0,3.574434308084387,0.0
10999,0.0,271.65700741441344,0.0
11002,0.0,251.40187966860188,0.0
11003,0.0,556.4202739584696,0.0
11004,0.0,380.08151475963984,0.0
11005,0.0,1293.945219526548,0.0
11006,0.0,1193.8610589001853,0.0
11007,0.0,1099.7342887872965,0.0
11149,0.0,88.16937959941488,0.0
11150,0.0,69.10572995629815,0.0
11151,0.0,811.3965879351558,0.0
11154,0.0,1.1914781026947956,0.0
11155,0.0,82.2119890859409,0.0
11158,0.0,115.57337596139519,0.0
11159,0.0,21.446605848506323,0.0
11160,0.0,338.37978116532196,0.0
11161,0.0,424.16620455934725,0.0
11162,0.0,1061.606989501063,0.0
11163,0.0,928.1614419992459,0.0
11164,0.0,352.6775183976595,0.0
11165,0.0,196.5938869446413,0.0
11166,0.0,554.03731775308,0.0
11167,0.0,631.4833944282417,0.0
11168,0.0,51.23355841587622,0.0
11169,0.0,281.1888322359718,0.0
11170,0.0,786.3755477785652,0.0
11171,0.0,856.6727558375582,0.0
11172,0.0,870.9704930698956,0.0
11173,0.0,978.2035223124273,0.0
11174,0.0,1301.0940881427168,0.0
11175,0.0,1005.6075186744075,0.0
11176,0.0,1330.8810407100868,0.0
11177,0.0,1158.1167158193414,0.0
11178,0.0,1254.62644213762,0.0
11179,0.0,1197.4354932082697,0.0
11180,0.0,618.377135298599,0.0
11181,0.0,1149.776369100478,0.0
11182,0.0,1334.4554750181712,0.0
11183,0.0,1181.9462778732372,0.0
11184,0.0,923.3955295884666,0.0
11185,0.0,1145.0104566896987,0.0
11186,0.0,1260.5838326510939,0.0
11187,0.0,1149.776369100478,0.0
11188,0.0,1010.3734310851868,0.0
11189,0.0,1222.4565333648604,0.0
11190,0.0,1052.0751646795045,0.0
11191,0.0,963.9057850800897,0.0
11192,0.0,1448.8373728768715,0.0
11193,0.0,1202.201405619049,0.0
11194,0.0,890.0341427130123,0.0
11195,0.0,500.4208031318142,0.0
11196,0.0,829.2687594755778,0.0
11197,0.0,54.8079927239606,0.0
11198,0.0,125.10520078295355,0.0
11202,0.0,4.765912410779182,0.0
11203,0.0,135.82850370720672,0.0
11206,0.0,227.57231761470598,0.0
11207,0.0,170.3813686853558,0.0
11208,0.0,409.86846732700974,0.0
11209,0.0,725.6101645411305,0.0
11210,0.0,1189.095146489406,0.0
11211,0.0,1260.5838326510939,0.0
11212,0.0,786.3755477785652,0.0
11213,0.0,718.4612959249619,0.0
11214,0.0,1027.054124522914,0.0
11215,0.0,432.50655127821085,293.10361326291974
11218,0.0,11.914781026947956,0.0
11224,0.0,350.29456219226995,60.765383237434584
11225,0.0,29.78695256736989,1981.4280847814452
11226,0.0,296.67804757100413,4431.107063921945
11227,0.0,0.0,6006.2411156844655
11228,0.0,0.0,3681.6673373269186
11229,0.0,0.0,3466.0098007391607
11230,0.0,0.0,5468.884491369112
11231,0.0,0.0,5871.6040900799535
11232,0.0,934.1188325127198,0.0
11233,0.0,1059.2240332956733,0.0
11234,0.0,258.5507482847707,0.0
11235,0.0,70.29720805899295,0.0
11236,0.0,581.4413141150603,0.0
11237,0.0,148.93476283684947,2357.9351652330006
11239,0.0,0.0,262.125182592855
11248,0.0,2.382956205389591,6089.644582873101
11249,0.0,0.0,6282.664035509658
11250,0.0,0.0,1472.6669349307674
11251,0.0,0.0,1160.499672024731
11252,0.0,0.0,5689.307940367649
11253,0.0,0.0,2779.7184135869584
11254,0.0,0.0,158.46658765840783
11313,79.82903288055131,0.0,0.0
11314,51.23355841587622,0.0,0.0
11315,391.9962957865878,0.0,0.0
11316,196.5938869446413,0.0,0.0
11317,109.6159854479212,0.0,0.0
11318,257.3592701820759,0.0,0.0
11319,277.6143979278874,0.0,0.0
11320,189.44501832847251,0.0,0.0
11321,274.039963619803,0.0,0.0
11322,108.4245073452264,0.0,0.0
11323,288.3377008521406,0.0,0.0
11324,272.8484855171082,0.0,0.0
11325,253.78483587399148,0.0,0.0
11326,270.4655293117186,0.0,0.0
11327,23.829562053895913,0.0,0.0
11349,0.0,0.0,5.957390513473978
11400,0.0,0.0,365.7837775273023
11401,2.382956205389591,0.0,2760.6547639438418
11402,214.46605848506323,0.0,5144.802447436128
11403,200.1683212527257,0.0,5686.9249841622595
11404,181.10467160960894,0.0,3159.7999283465983
11405,366.9752556299971,0.0,333.6138687545428
11406,415.8258578404837,0.0,5915.688779879661
11407,365.7837775273023,0.0,2342.445949897968
11416,250.2104015659071,0.0,0.0
11417,1.1914781026947956,0.0,0.0
11418,397.95368630006175,0.0,0.0
11419,1.1914781026947956,0.0,0.0
11424,434.8895074836004,0.0,6000.283725170991
11425,378.89003665694503,0.0,5683.350549854175
11426,319.31613152220524,0.0,4527.616790240224
11427,53.61651462126581,0.0,4108.216498091656
11428,415.8258578404837,0.0,5735.775586372746
11429,411.0599454297045,0.0,555.2287958557748
11430,156.08363145301823,0.0,1340.4128655316451
11431,96.50972631827845,0.0,0.0
11432,16.68069343772714,0.0,0.0
11440,203.74275556081005,0.0,0.0
11520,837.6091061944413,0.0,4982.7614254696355
11521,999.6501281609336,0.0,6436.364710757286
11522,20.255127745811528,0.0,265.6996169009394
11523,94.12677011288886,0.0,917.4381390749927
11524,160.8495438637974,0.0,2752.314417224978
11526,0.0,0.0,11.914781026947956
11604,0.0,0.0,4020.0471184922408
11605,0.0,0.0,7060.6992365693595
11606,0.0,0.0,2842.8667530297826
11607,0.0,0.0,6877.211608754361
11612,0.0,0.0,231.14675192279037
11613,17.872171540421935,0.0,529.0162775964893
11615,260.93370449016027,0.0,0.0
11636,44.08468979970744,0.0,0.0
11637,345.52864978149074,0.0,0.0
11638,142.97737232337548,0.0,0.0
11639,328.8479563437636,0.0,0.0
11644,111.9989416533108,0.0,0.0
11645,171.57284678805058,0.0,0.0
11646,10.723302924253161,0.0,0.0
11647,38.12729928623346,0.0,0.0
11678,2.382956205389591,0.0,0.0
11679,59.57390513473978,0.0,0.0
11697,2.382956205389591,0.0,0.0
11699,178.72171540421937,0.0,0.0
11700,287.14622274944577,0.0,0.0
11701,414.6343797377889,0.0,0.0
11702,359.8263870138283,0.0,0.0
11703,194.2109307392517,0.0,0.0
11705,233.52970812817995,0.0,0.0
11707,83.4034671886357,0.0,0.0
11708,335.9968249599324,0.0,0.0
11709,384.847427170419,0.0,0.0
11710,302.6354380844781,0.0,0.0
11711,101.27563872905763,0.0,0.0
11744,63.148339442824174,0.0,0.0
11746,71.48868616168774,0.0,0.0
11751,30.97843067006469,0.0,0.0
11752,59.57390513473978,0.0,0.0
11757,218.04049279314762,0.0,0.0
11759,264.50813879824466,0.0,0.0
11761,16.68069343772714,0.0,0.0
11762,221.614927101232,0.0,0.0
11763,285.95474464675095,0.0,0.0
11768,281.1888322359718,0.0,0.0
11769,95.31824821558365,0.0,0.0
11770,382.4644709650294,0.0,0.0
11771,308.59282859795206,0.0,0.0
11885,7.148868616168774,0.0,0.0
11887,52.42503651857101,0.0,0.0
11890,13.106259129642753,0.0,0.0
11891,190.6364964311673,0.0,0.0
11894,266.89109500363423,0.0,0.0
11895,81.02051098324611,0.0,0.0
11896,322.89056583028963,0.0,0.0
11897,395.5707300946722,0.0,0.0
11898,421.7832483539577,0.0,0.0
11899,406.29403301892535,0.0,0.0
11900,351.4860402949647,0.0,0.0
11901,315.74169721412085,0.0,0.0
11902,393.1877738892826,0.0,0.0
11903,133.44554750181712,0.0,0.0
11912,0.0,0.0,803.0562412162923
11914,0.0,0.0,1450.0288509795664
11936,0.0,0.0,26.212518259285506
11950,13.106259129642753,0.0,0.0
11951,216.8490146904528,0.0,0.0
11960,41.70173359431785,0.0,0.0
11961,135.82850370720672,0.0,0.0
11962,330.0394344464584,0.0,0.0
11963,237.10414243626434,0.0,0.0
11964,3.574434308084387,0.0,0.0
11965,1.1914781026947956,0.0,0.0
11966,335.9968249599324,0.0,0.0
11967,50.04208031318142,0.0,0.0
11984,113.1904197560056,0.0,0.0
11985,153.70067524762865,0.0,0.0
11988,60.765383237434584,0.0,0.0
11995,32.169908772759484,0.0,0.0
11998,252.5933577712967,0.0,0.0
11999,345.52864978149074,0.0,0.0
12011,88.16937959941488,0.0,0.0
12013,82.2119890859409,0.0,0.0
12014,341.95421547340635,0.0,0.0
12015,371.74116804077624,0.0,0.0
12016,36.935821183538664,0.0,0.0
12017,399.14516440275656,0.0,0.0
12018,101.27563872905763,0.0,0.0
12019,387.23038337580863,0.0,0.0
12020,394.37925199197736,0.0,0.0
12021,355.0604746030491,0.0,0.0
12022,375.31560234886064,0.0,0.0
12023,287.14622274944577,0.0,0.0
12024,141.7858942206807,0.0,0.0
12025,77.44607667516172,0.0,0.0
12026,369.35821183538667,0.0,0.0
12027,393.1877738892826,0.0,0.0
12030,8.34034671886357,0.0,0.0
12033,3.574434308084387,0.0,0.0
12034,10.723302924253161,0.0,0.0
12035,338.37978116532196,0.0,0.0
12036,152.50919714493384,0.0,0.0
12037,102.46711683175243,0.0,0.0
12038,432.50655127821085,0.0,0.0
12039,320.50760962490006,0.0,0.0
12040,135.82850370720672,0.0,0.0
12041,395.5707300946722,0.0,0.0
12042,91.74381390749927,0.0,0.0
12043,390.80481768389296,0.0,0.0
12044,333.6138687545428,0.0,0.0
12045,399.14516440275656,0.0,0.0
12046,381.2729928623346,0.0,0.0
12047,178.72171540421937,0.0,0.0
12050,16.68069343772714,0.0,0.0
12055,22.638083951201118,0.0,0.0
12056,27.4039963619803,0.0,0.0
12059,1.1914781026947956,0.0,0.0
12061,147.74328473415466,0.0,0.0
12062,9.531824821558365,0.0,0.0
12063,117.95633216678478,0.0,0.0
12065,10.723302924253161,0.0,0.0
12068,25.02104015659071,0.0,0.0
12077,5.957390513473978,0.0,0.0
12080,88.16937959941488,0.0,0.0
12081,381.2729928623346,0.0,0.0
12082,333.6138687545428,0.0,0.0
12083,384.847427170419,0.0,0.0
12084,399.14516440275656,0.0,0.0
12085,69.10572995629815,0.0,0.0
12086,382.4644709650294,0.0,0.0
12087,184.67910591769333,0.0,0.0
12088,422.9747264566525,0.0,0.0
12089,419.4002921485681,0.0,0.0
12090,77.44607667516172,0.0,0.0
12091,175.14728109613498,0.0,0.0
12092,407.4855111216201,0.0,0.0
12093,22.638083951201118,0.0,0.0
12094,59.57390513473978,0.0,0.0
12096,67.91425185360336,0.0,0.0
12097,271.65700741441344,0.0,0.0
12098,401.52812060814614,0.0,0.0
12099,419.4002921485681,0.0,0.0
12100,94.12677011288886,0.0,0.0
12101,240.67857674434873,0.0,0.0
12102,243.06153294973834,0.0,0.0
12103,22.638083951201118,0.0,0.0
12104,411.0599454297045,0.0,0.0
12105,338.37978116532196,0.0,0.0
12106,421.7832483539577,0.0,0.0
12107,407.4855111216201,0.0,0.0
12108,251.40187966860188,0.0,0.0
12110,36.935821183538664,0.0,0.0
12112,347.9116059868803,0.0,0.0
12113,27.4039963619803,0.0,0.0
12114,39.31877738892826,0.0,0.0
12117,119.14781026947956,0.0,0.0
12119,364.59229942460746,0.0,0.0
12124,109.6159854479212,0.0,0.0
12125,401.52812060814614,0.0,0.0
12126,148.93476283684947,0.0,0.0
12127,409.86846732700974,0.0,0.0
12128,90.55233580480447,0.0,0.0
12129,39.31877738892826,0.0,0.0
12148,47.659124107791826,0.0,0.0
12149,313.3587410087313,0.0,0.0
12170,252.5933577712967,0.0,0.0
12171,22.638083951201118,0.0,0.0
12182,22.638083951201118,0.0,0.0
12183,59.57390513473978,0.0,0.0
12185,142.97737232337548,0.0,0.0
12186,27.4039963619803,0.0,0.0
12187,378.89003665694503,0.0,0.0
12188,386.0389052731138,0.0,0.0
12189,369.35821183538667,0.0,0.0
12190,380.08151475963984,0.0,0.0
12191,364.59229942460746,0.0,0.0
12192,396.762208197367,0.0,0.0
12193,19.06364964311673,0.0,0.0
12194,83.4034671886357,0.0,0.0
12197,65.53129564821376,0.0,0.0
12198,116.76485406408997,0.0,0.0
12199,425.35768266204207,0.0,0.0
12201,10.723302924253161,0.0,0.0
12202,126.29667888564835,0.0,0.0
12203,400.3366425054514,0.0,0.0
12204,332.422390651848,0.0,0.0
12205,474.2082848725287,0.0,0.0
12206,347.9116059868803,0.0,0.0
12207,425.35768266204207,0.0,0.0
12208,274.039963619803,0.0,0.0
12209,514.7185403641517,0.0,0.0
12210,388.4218614785034,0.0,0.0
12211,365.7837775273023,0.0,0.0
12212,434.8895074836004,0.0,0.0
12213,269.2740512090238,0.0,0.0
12214,318.1246534195104,0.0,0.0
12216,440.8468979970744,0.0,0.0
12217,260.93370449016027,0.0,0.0
12218,299.0610037763937,0.0,0.0
12220,60.765383237434584,0.0,0.0
12226,4.765912410779182,0.0,0.0
12232,204.93423366350487,0.0,0.0
12234,295.4865694683093,0.0,0.0
12256,52.42503651857101,0.0,0.0
15338,0.0,0.0,492.08045641295064
15339,0.0,0.0,4297.6615164201285
15340,0.0,0.0,478.9741972833079
15341,0.0,0.0,2216.14927101232
15342,0.0,0.0,7020.188981077737
15343,0.0,0.0,6871.254218240887
15352,0.0,0.0,1707.3881211616422
15353,0.0,0.0,75.06312046977213
15354,0.0,0.0,6742.574583149849
15355,0.0,0.0,2373.424380568033
15356,0.0,0.0,27.4039963619803
15357,0.0,0.0,1276.073047986126
15358,0.0,0.0,5999.092247068296
15359,0.0,0.0,7605.204729500881
16040,0.0,0.0,2549.763139766863
16041,0.0,0.0,1156.9252377166465
16042,0.0,0.0,7767.245751467373
16043,0.0,0.0,6132.537794570114
16046,10.723302924253161,0.0,75.06312046977213
16047,233.52970812817995,0.0,0.0
16056,44.08468979970744,0.0,0.0
16057,137.0199818099015,0.0,0.0
16058,320.50760962490006,0.0,0.0
16059,177.53023730152455,0.0,0.0
16061,1.1914781026947956,0.0,0.0
16062,247.82744536051752,0.0,0.0
16063,48.85060221048662,0.0,0.0
16297,7.148868616168774,0.0,0.0
16298,113.1904197560056,0.0,0.0
16299,387.23038337580863,0.0,0.0
16300,96.50972631827845,0.0,0.0
16301,122.72224457756396,0.0,0.0
16302,347.9116059868803,0.0,0.0
16303,394.37925199197736,0.0,0.0
16312,46.46764600509703,0.0,0.0
16314,297.86952567369894,0.0,0.0
17495,20.255127745811528,0.0,0.0
17501,299.0610037763937,0.0,0.0
17503,353.86899650035434,0.0,0.0
17525,85.78642339402529,0.0,0.0
17665,1.1914781026947956,0.0,0.0
17666,144.1688504260703,0.0,0.0
17667,53.61651462126581,0.0,0.0
17668,363.4008213219127,0.0,0.0
17669,327.65647824106884,0.0,0.0
17670,151.31771904223905,0.0,0.0
17671,159.65806576110262,0.0,0.0
17672,444.4213323051588,0.0,0.0
17673,439.65541989437963,0.0,0.0
17674,483.74010969408704,0.0,0.0
17675,693.4402557683711,0.0,0.0
17676,97.70120442097324,0.0,0.0
17677,59.57390513473978,0.0,0.0
17678,428.93211697012646,0.0,0.0
17680,403.9110768135357,0.0,0.0
17681,532.5907119045737,0.0,0.0
17682,779.2266791623964,0.0,0.0
17683,949.6080478477521,0.0,0.0
17684,269.2740512090238,0.0,0.0
17685,7.148868616168774,0.0,0.0
17686,814.9710222432402,0.0,0.0
17687,639.8237411471052,0.0,0.0
17688,509.95262795337254,0.0,0.0
17689,785.1840696758703,0.0,0.0
17690,59.57390513473978,0.0,0.0
17691,539.7395805207425,0.0,0.0
17692,748.2482484923316,0.0,0.0
17693,968.671697490869,0.0,0.0
17694,763.7374638273641,0.0,0.0
17695,545.6969710342164,0.0,0.0
17696,484.93158779678186,0.0,0.0
17697,744.6738141842474,0.0,0.0
17698,345.52864978149074,0.0,0.0
17699,414.6343797377889,0.0,0.0
17700,513.527062261457,0.0,0.0
17701,134.6370256045119,0.0,0.0
17702,438.4639417916848,0.0,0.0
17703,246.6359672578227,0.0,0.0
17704,29.78695256736989,0.0,0.0
17705,202.55127745811527,0.0,0.0
17706,91.74381390749927,0.0,0.0
17707,389.6133395811982,0.0,0.0
17708,296.67804757100413,0.0,0.0
17709,44.08468979970744,0.0,0.0
17710,340.7627373707116,0.0,0.0
17711,42.893211697012646,0.0,0.0
17716,15.489215335032345,0.0,0.0
17728,50.04208031318142,0.0,0.0
17730,424.16620455934725,0.0,0.0
17731,287.14622274944577,0.0,0.0
17734,8.34034671886357,0.0,0.0
17736,338.37978116532196,0.0,0.0
17737,383.65594906772424,0.0,0.0
17738,164.4239781718818,0.0,0.0
17739,408.6769892243149,0.0,0.0
17740,139.40293801529108,0.0,0.0
17742,344.337171678796,0.0,0.0
17743,406.29403301892535,0.0,0.0
17754,171.57284678805058,0.0,0.0
17760,79.82903288055131,0.0,0.0
17761,158.46658765840783,0.0,0.0
17763,91.74381390749927,0.0,0.0
17764,788.7585039839547,0.0,0.0
17765,817.3539784486298,0.0,0.0
17766,691.0572995629815,0.0,0.0
17767,676.7595623306439,0.0,0.0
17769,4.765912410779182,0.0,0.0
17772,109.6159854479212,0.0,0.0
17773,493.2719345156454,0.0,0.0
17775,40.510255491623056,0.0,0.0
17776,663.6533032010012,0.0,0.0
17777,125.10520078295355,0.0,0.0
17778,816.1625003459351,0.0,0.0
17779,289.52917895483534,0.0,0.0
17784,644.5896535578845,0.0,0.0
17785,66.72277375090856,0.0,0.0
17786,5.957390513473978,0.0,0.0
17792,274.039963619803,0.0,0.0
17793,428.93211697012646,0.0,0.0
17794,158.46658765840783,0.0,0.0
17795,204.93423366350487,0.0,0.0
17796,384.847427170419,0.0,0.0
17797,313.3587410087313,0.0,0.0
17798,407.4855111216201,0.0,0.0
17799,390.80481768389296,0.0,0.0
17801,1.1914781026947956,0.0,0.0
17804,251.40187966860188,0.0,0.0
17805,89.36085770210968,0.0,0.0
17853,167.9984124799662,0.0,0.0
17854,21.446605848506323,0.0,0.0
17855,421.7832483539577,0.0,0.0
17896,328.8479563437636,0.0,0.0
17897,184.67910591769333,0.0,0.0
17898,434.8895074836004,0.0,0.0
17899,380.08151475963984,0.0,0.0
17902,85.78642339402529,0.0,0.0
18196,1.1914781026947956,0.0,0.0
18197,346.72012788418556,0.0,0.0
18240,256.16779207938106,0.0,0.0
18241,438.4639417916848,0.0,0.0
18242,139.40293801529108,0.0,0.0
18243,252.5933577712967,0.0,0.0
18244,177.53023730152455,0.0,0.0
18246,19.06364964311673,0.0,0.0
19534,69.10572995629815,0.0,0.0
19535,64.33981754551897,0.0,0.0
19553,153.70067524762865,0.0,0.0
19555,233.52970812817995,0.0,0.0
19556,490.8889783102558,0.0,0.0
19557,458.71906953749635,0.0,0.0
19558,406.29403301892535,0.0,0.0
19559,362.2093432192179,0.0,0.0
19561,60.765383237434584,0.0,0.0
19564,91.74381390749927,0.0,0.0
19565,411.0599454297045,0.0,0.0
19567,88.16937959941488,0.0,0.0
19568,170.3813686853558,0.0,0.0
19570,407.4855111216201,0.0,0.0
19576,294.29509136561455,0.0,0.0
19578,7.148868616168774,0.0,0.0
20290,26.212518259285506,0.0,0.0
20291,281.1888322359718,0.0,0.0
20294,345.52864978149074,0.0,0.0
20295,72.68016426438254,0.0,0.0
20296,225.18936140931638,0.0,0.0
20297,470.6338505644443,0.0,0.0
20298,266.89109500363423,0.0,0.0
20299,440.8468979970744,0.0,0.0
20300,421.7832483539577,0.0,0.0
20301,316.93317531681566,0.0,0.0
20302,457.52759143480154,0.0,0.0
20303,320.50760962490006,0.0,0.0
20320,27.4039963619803,0.0,0.0
20321,247.82744536051752,0.0,0.0
20324,250.2104015659071,0.0,0.0
20325,36.935821183538664,0.0,0.0
20357,127.48815698834314,0.0,0.0
20358,65.53129564821376,0.0,0.0
20359,431.31507317551603,0.0,0.0
20364,122.72224457756396,0.0,0.0
20365,443.229854202464,0.0,0.0
20366,8.34034671886357,0.0,0.0
20367,223.9978833066216,0.0,0.0
20368,285.95474464675095,0.0,0.0
20369,146.55180663145987,0.0,0.0
20370,424.16620455934725,0.0,0.0
20371,405.10255491623053,0.0,0.0
20374,29.78695256736989,0.0,0.0
20376,405.10255491623053,0.0,0.0
20377,458.71906953749635,0.0,0.0
20378,340.7627373707116,0.0,0.0
20379,144.1688504260703,0.0,0.0
20380,35.74434308084387,0.0,0.0
20707,15.489215335032345,0.0,0.0
20710,189.44501832847251,0.0,0.0
20711,183.48762781499855,0.0,0.0
20713,253.78483587399148,0.0,0.0
20715,315.74169721412085,0.0,0.0
20716,459.9105476401911,0.0,0.0
20717,415.8258578404837,0.0,0.0
20718,315.74169721412085,0.0,0.0
20719,425.35768266204207,0.0,0.0
20722,8.34034671886357,0.0,0.0
20728,204.93423366350487,0.0,0.0
20730,291.9121351602249,0.0,0.0
21057,67.91425185360336,0.0,0.0
21060,98.89268252366804,0.0,0.0
21061,376.50708045155545,0.0,0.0
21062,50.04208031318142,0.0,0.0
21063,712.5039054114878,0.0,0.0
21068,308.59282859795206,0.0,0.0
21069,857.8642339402529,0.0,0.0
21070,175.14728109613498,0.0,0.0
21071,424.16620455934725,0.0,0.0
21072,106.04155113983681,0.0,0.0
21074,851.9068434267789,0.0,0.0
21075,364.59229942460746,0.0,0.0
21080,724.4186864384358,0.0,0.0
21081,817.3539784486298,0.0,0.0
21082,674.3766061252544,0.0,0.0
21083,736.3334674653837,0.0,0.0
21084,25.02104015659071,0.0,0.0
21086,25.02104015659071,0.0,0.0
21104,321.6990877275948,0.0,0.0
21105,98.89268252366804,0.0,0.0
21367,19.06364964311673,0.0,0.0
21373,13.106259129642753,0.0,0.0
21838,26.212518259285506,0.0,0.0
21839,198.97684315003087,0.0,0.0
21844,128.67963509103794,0.0,0.0
21845,434.8895074836004,0.0,0.0
21846,10.723302924253161,0.0,0.0
21847,303.8269161871729,0.0,0.0
21850,129.87111319373273,0.0,0.0
21860,274.039963619803,0.0,0.0
21861,471.8253286671391,0.0,0.0
21862,275.2314417224978,0.0,0.0
21863,424.16620455934725,0.0,0.0
21868,41.70173359431785,0.0,0.0
21869,357.44343080843873,0.0,0.0
21871,1.1914781026947956,0.0,0.0
21872,455.14463522941196,0.0,0.0
21873,181.10467160960894,0.0,0.0
21874,393.1877738892826,0.0,0.0
21875,352.6775183976595,0.0,0.0
21880,434.8895074836004,0.0,0.0
21881,214.46605848506323,0.0,0.0
21882,13.106259129642753,0.0,0.0
22048,90.55233580480447,0.0,0.0
22049,234.72118623087476,0.0,0.0
22050,432.50655127821085,0.0,0.0
22051,440.8468979970744,0.0,0.0
22052,71.48868616168774,0.0,0.0
22054,405.10255491623053,0.0,0.0
22055,45.276167902402236,0.0,0.0
22056,445.6128104078536,0.0,0.0
22057,302.6354380844781,0.0,0.0
22058,51.23355841587622,0.0,0.0
22059,218.04049279314762,0.0,0.0
22060,444.4213323051588,0.0,0.0
22061,158.46658765840783,0.0,0.0
22062,389.6133395811982,0.0,0.0
22063,36.935821183538664,0.0,0.0
22145,1.1914781026947956,0.0,0.0
22148,1.1914781026947956,0.0,0.0
22483,190.6364964311673,0.0,0.0
22484,191.82797453386212,0.0,0.0
22485,299.0610037763937,0.0,0.0
22486,859.0557120429477,0.0,0.0
22487,836.4176280917466,0.0,0.0
22489,297.86952567369894,0.0,0.0
22491,42.893211697012646,0.0,0.0
22492,785.1840696758703,0.0,0.0
22493,683.9084309468127,0.0,0.0
22494,378.89003665694503,0.0,0.0
22495,739.9079017734681,0.0,0.0
22516,1.1914781026947956,0.0,0.0
22517,338.37978116532196,0.0,0.0
22518,47.659124107791826,0.0,0.0
22519,427.74063886743164,0.0,0.0
22524,19.06364964311673,0.0,0.0
22525,384.847427170419,0.0,0.0
22527,36.935821183538664,0.0,0.0
22729,51.23355841587622,0.0,0.0
22731,297.86952567369894,0.0,0.0
22732,232.33823002548516,0.0,0.0
22733,171.57284678805058,0.0,0.0
22734,449.187244715938,0.0,0.0
22735,437.27246368899,0.0,0.0
22744,2.382956205389591,0.0,0.0
22746,198.97684315003087,0.0,0.0
22753,274.039963619803,0.0,0.0
22755,32.169908772759484,0.0,0.0
22756,419.4002921485681,0.0,0.0
22757,420.59177025126286,0.0,0.0
22758,275.2314417224978,0.0,0.0
22759,409.86846732700974,0.0,0.0
22768,361.01786511652307,0.0,0.0
22770,163.232500069187,0.0,0.0
22915,17.872171540421935,0.0,0.0
22918,95.31824821558365,0.0,0.0
22919,8.34034671886357,0.0,0.0
22920,14.297737232337548,0.0,0.0
22921,402.71959871084096,0.0,0.0
22922,28.595474464675096,0.0,0.0
22923,451.57020092132757,0.0,0.0
22924,475.3997629752235,0.0,0.0
22925,357.44343080843873,0.0,0.0
22926,405.10255491623053,0.0,0.0
22927,439.65541989437963,0.0,0.0
22936,14.297737232337548,0.0,0.0
22938,127.48815698834314,0.0,0.0
22945,227.57231761470598,0.0,0.0
22948,426.5491607647369,0.0,0.0
22949,447.9957666132432,0.0,0.0
22950,86.97790149672008,0.0,0.0
22951,51.23355841587622,0.0,0.0
22960,95.31824821558365,0.0,0.0
25590,65.53129564821376,0.0,0.0
25591,299.0610037763937,0.0,0.0
25593,17.872171540421935,0.0,0.0
25595,52.42503651857101,0.0,331.23091254915323
25596,656.5044345848324,0.0,1503.645365600832
25597,879.3108397887593,0.0,3206.267574351695
25598,686.2913871522023,0.0,6656.7881597558235
25599,761.3545076219744,0.0,7341.888068805331
25909,0.0,0.0,1062.7984676037577
25911,0.0,0.0,2780.9098916896533
25913,0.0,0.0,1539.389708681676
25914,0.0,0.0,61.95686134012938
25915,0.0,0.0,5268.716170116387
25916,160.8495438637974,0.0,3593.497957727504
25917,747.0567703896369,0.0,3083.5453297741315
25918,452.7616790240224,0.0,6429.215842141118
25919,837.6091061944413,0.0,6588.87390790222
25926,0.0,0.0,1609.686916740669
25927,0.0,0.0,3878.26122427156
25929,0.0,0.0,151.31771904223905
25930,0.0,0.0,332.422390651848
25931,125.10520078295355,0.0,436.08098558629524
25932,0.0,0.0,5864.455221463784
25933,0.0,0.0,6848.616134289686
25934,340.7627373707116,0.0,6279.089601201574
25935,108.4245073452264,0.0,6820.020659825011
25938,0.0,0.0,2150.6179753641063
25944,0.0,0.0,6428.024364038422
25945,0.0,0.0,1608.495438637974
25946,0.0,0.0,6540.023305691733
25947,0.0,0.0,3292.0539977457206
25952,33.36138687545428,0.0,6065.815020819205
25953,775.652244854312,0.0,6153.98440041862
25954,23.829562053895913,0.0,6575.767648772578
25955,850.7153653240841,0.0,5947.85868865242
25956,901.9489237399604,0.0,3927.1118264820466
25957,754.2056390058057,0.0,5297.311644581062
25958,733.9505112599942,0.0,5983.603031733264
25959,814.9710222432402,0.0,1638.282391205344
25960,714.8868616168775,0.0,6047.942849278783
25961,468.2508943590547,0.0,6937.976991991795
25962,698.2061681791503,0.0,2537.848358739915
25963,685.0999090495076,0.0,2810.6968442570233
25964,823.3113689621039,0.0,5814.413141150603
25965,801.8647631135975,0.0,4538.3400931644765
25966,41.70173359431785,0.0,1184.329234078627
25967,28.595474464675096,0.0,3116.9067166495856
25968,73.87164236707733,0.0,5845.391571820668
25969,0.0,0.0,1131.904197560056
25970,288.3377008521406,0.0,4808.805622476196
25971,0.0,0.0,4234.513176977304
25974,0.0,0.0,539.7395805207425
25976,64.33981754551897,0.0,6683.000678015109
25977,0.0,0.0,5791.775057199402
25978,0.0,0.0,6053.900239792257
25979,0.0,0.0,6113.474144926997
25980,0.0,0.0,3875.87826806617
25981,0.0,0.0,3.574434308084387
25982,0.0,0.0,4782.5931042169095
25983,0.0,0.0,25.02104015659071
26000,0.0,0.0,11.914781026947956
26001,0.0,0.0,4901.74091448639
26003,0.0,0.0,1134.2871537654455
26004,256.16779207938106,0.0,5863.26374336109
26005,861.4386682483373,0.0,6006.2411156844655
26006,0.0,0.0,4941.059691875318
26007,223.9978833066216,0.0,5241.312173754406
26012,0.0,0.0,21.446605848506323
26013,0.0,0.0,54.8079927239606
26030,42.893211697012646,0.0,0.0
26031,139.40293801529108,0.0,0.0
26039,0.0,0.0,125.10520078295355
26042,19.06364964311673,0.0,0.0
26045,0.0,0.0,1465.5180663145986
26047,0.0,0.0,568.3350549854175
26048,803.0562412162923,0.0,3452.903541609518
26049,670.80217181717,0.0,0.0
26050,443.229854202464,0.0,1202.201405619049
26051,144.1688504260703,0.0,0.0
26053,0.0,0.0,85.78642339402529
26064,0.0,0.0,2804.739453743549
26065,0.0,0.0,4715.870330466001
26068,0.0,0.0,1884.918358463167
26081,0.0,0.0,33.36138687545428
26082,0.0,0.0,4236.896133182693
26083,0.0,0.0,5825.136444074856
26086,0.0,0.0,2666.5279938309527
26088,0.0,0.0,6753.297886074102
26089,0.0,0.0,6031.262155841056
26090,0.0,0.0,5549.905002352359
26091,0.0,0.0,5900.199564544629
26092,0.0,0.0,6036.028068251835
26093,0.0,0.0,960.3313507720053
26094,0.0,0.0,6410.152192498001
26095,0.0,0.0,1175.9888873597633
26183,102.46711683175243,0.0,0.0
26189,315.74169721412085,0.0,0.0
26191,319.31613152220524,0.0,0.0
26194,194.2109307392517,0.0,0.0
26195,94.12677011288886,0.0,0.0
26200,362.2093432192179,0.0,0.0
26201,281.1888322359718,0.0,0.0
26202,345.52864978149074,0.0,0.0
26203,374.1241242461658,0.0,0.0
26204,70.29720805899295,0.0,0.0
26206,165.61545627457662,0.0,0.0
26213,34.552864978149074,0.0,0.0
26224,252.5933577712967,0.0,0.0
26225,378.89003665694503,0.0,0.0
26228,65.53129564821376,0.0,0.0
26249,3.574434308084387,0.0,0.0
26250,36.935821183538664,0.0,0.0
26251,718.4612959249619,0.0,200.1683212527257
26252,9.531824821558365,0.0,0.0
26254,805.4391974216819,0.0,131.0625912964275
26255,300.2524818790885,0.0,0.0
26272,239.48709864165394,0.0,1639.473869308039
26273,769.694854340838,0.0,5982.411553630569
26274,259.74222638746545,0.0,3744.815676769743
26275,618.377135298599,0.0,7215.591389919683
26276,720.8442521303514,0.0,5978.837119322485
26277,766.1204200327536,0.0,1663.3034313619348
26278,658.8873907902221,0.0,6078.921279948848
26279,825.6943251674934,0.0,5642.840294362552
26280,662.4618250983065,0.0,3110.9493261361117
26281,231.14675192279037,0.0,6348.195331157872
26282,797.0988507028184,0.0,6431.5987983465075
26283,403.9110768135357,0.0,2516.4017528914087
26284,316.93317531681566,0.0,6424.449929730338
26285,171.57284678805058,0.0,5509.394746860736
26286,0.0,0.0,3631.625257013737
26287,0.0,0.0,1565.6022269409616
26288,58.38242703204499,0.0,0.0
26290,86.97790149672008,0.0,50.04208031318142
26296,0.0,0.0,97.70120442097324
26369,22.638083951201118,0.0,0.0
26371,46.46764600509703,0.0,0.0
26372,449.187244715938,0.0,0.0
26373,487.31454400217143,0.0,0.0
26374,455.14463522941196,0.0,0.0
26375,417.01733594317847,0.0,0.0
26379,21.446605848506323,0.0,0.0
26380,253.78483587399148,0.0,0.0
26381,445.6128104078536,0.0,0.0
26382,176.33875919882976,0.0,0.0
26383,197.7853650473361,0.0,0.0
26384,335.9968249599324,0.0,0.0
26385,15.489215335032345,0.0,0.0
26386,437.27246368899,0.0,0.0
26387,128.67963509103794,0.0,0.0
26392,442.0383760997692,0.0,0.0
26393,52.42503651857101,0.0,0.0
26394,35.74434308084387,0.0,0.0
26401,219.2319708958424,0.0,0.0
26403,218.04049279314762,0.0,0.0
26404,407.4855111216201,0.0,0.0
26405,424.16620455934725,0.0,0.0
26406,384.847427170419,0.0,0.0
26407,335.9968249599324,0.0,0.0
26409,21.446605848506323,0.0,0.0
26411,325.2735220356792,0.0,0.0
26412,299.0610037763937,0.0,0.0
26413,358.6349089111335,0.0,0.0
26414,605.2708761689562,0.0,0.0
26415,262.125182592855,0.0,0.0
26416,231.14675192279037,0.0,0.0
26418,353.86899650035434,0.0,0.0
26424,162.04102196649222,0.0,0.0
26432,0.0,0.0,893.6085770210967
26433,0.0,0.0,3558.945092749355
26436,0.0,0.0,2715.3785960414393
26437,0.0,0.0,72.68016426438254
26496,61.95686134012938,0.0,0.0
26497,799.4818069082079,0.0,0.0
26498,5.957390513473978,0.0,0.0
26499,745.8652922869421,0.0,0.0
26500,795.9073726001235,0.0,0.0
26501,712.5039054114878,0.0,0.0
26502,767.3118981354485,0.0,0.0
26503,795.9073726001235,0.0,0.0
26505,146.55180663145987,0.0,0.0
26508,581.4413141150603,0.0,0.0
26509,506.37819364528815,0.0,0.0
26512,126.29667888564835,0.0,0.0
26514,282.38031033866656,0.0,0.0
26520,28.595474464675096,0.0,0.0
26606,39.31877738892826,0.0,0.0
26607,133.44554750181712,0.0,0.0
26618,69.10572995629815,0.0,0.0
26619,4.765912410779182,0.0,0.0
26863,147.74328473415466,0.0,0.0
26874,213.27458038236844,0.0,0.0
26875,29.78695256736989,0.0,0.0
26949,27.4039963619803,0.0,0.0
26950,2.382956205389591,0.0,0.0
26951,407.4855111216201,0.0,0.0
26956,3.574434308084387,0.0,0.0
26957,420.59177025126286,0.0,0.0
26959,172.76432489074537,0.0,0.0
26960,148.93476283684947,0.0,0.0
26961,36.935821183538664,0.0,239.48709864165394
26962,475.3997629752235,0.0,0.0
26963,409.86846732700974,0.0,0.0
26964,334.80534685723757,0.0,6662.745550269297
26965,708.9294711034034,0.0,6584.107995491441
26966,44.08468979970744,0.0,2430.6153294973833
26967,106.04155113983681,0.0,5817.987575458687
26968,397.95368630006175,0.0,0.0
26969,413.44290163509413,0.0,0.0
26970,438.4639417916848,0.0,0.0
26971,444.4213323051588,0.0,0.0
26972,207.31718986889445,0.0,0.0
26973,0.0,0.0,279.997354133277
26974,103.65859493444722,0.0,0.0
26992,38.12729928623346,0.0,0.0
26993,36.935821183538664,0.0,0.0
27133,78.63755477785652,0.0,0.0
27135,102.46711683175243,0.0,0.0
27204,141.7858942206807,0.0,0.0
27205,713.6953835141826,0.0,0.0
27206,372.93264614347106,0.0,0.0
27207,841.1835405025257,0.0,0.0
27212,225.18936140931638,0.0,0.0
27213,624.3345258120729,0.0,0.0
27214,9.531824821558365,0.0,0.0
27215,241.87005484704352,0.0,0.0
27216,660.0788688929168,0.0,0.0
27217,355.0604746030491,0.0,0.0
27218,747.0567703896369,0.0,0.0
27219,571.9094892935019,0.0,0.0
27220,5.957390513473978,0.0,0.0
27222,71.48868616168774,0.0,0.0
27224,722.0357302330461,0.0,0.0
27225,386.0389052731138,0.0,0.0
27226,327.65647824106884,0.0,0.0
27227,132.25406939912233,0.0,0.0
27228,8.34034671886357,0.0,0.0
27238,0.0,0.0,16.68069343772714
27239,400.3366425054514,0.0,2913.1639610887755
27244,90.55233580480447,0.0,1160.499672024731
27245,1335.6469531208659,0.0,6536.448871383649
27246,22.638083951201118,0.0,633.8663506336313
27247,1472.6669349307674,0.0,6362.493068390209
27250,892.417098918402,0.0,4190.428487177596
27251,320.50760962490006,0.0,1715.7284678805058
27256,1806.2808036853103,0.0,6339.854984439008
27257,1571.5596174544355,0.0,6068.197977024594
27258,1776.4938511179405,0.0,6400.620367676443
27259,1756.2387233721288,0.0,6861.722393419328
27260,268.08257310632905,0.0,717.269817822267
27262,751.822682800416,0.0,1732.409161318233
27278,44.08468979970744,0.0,0.0
27279,36.935821183538664,0.0,0.0
27297,103.65859493444722,0.0,0.0
27299,206.12571176619966,0.0,0.0
27300,449.187244715938,0.0,0.0
27301,449.187244715938,0.0,0.0
27302,425.35768266204207,0.0,0.0
27303,309.7843067006469,0.0,0.0
27304,140.5944161179859,0.0,0.0
27305,61.95686134012938,0.0,0.0
27306,445.6128104078536,0.0,0.0
27307,277.6143979278874,0.0,0.0
27308,395.5707300946722,0.0,0.0
27309,407.4855111216201,0.0,0.0
27310,22.638083951201118,0.0,0.0
27311,131.0625912964275,0.0,0.0
27312,154.89215335032344,0.0,0.0
27314,171.57284678805058,0.0,0.0
27320,243.06153294973834,0.0,0.0
27322,26.212518259285506,0.0,0.0
27333,318.1246534195104,0.0,1784.834197836804
27344,1540.5811867843709,0.0,5149.568359846907
27345,1372.5827743044047,0.0,4911.272739307948
27346,82.2119890859409,0.0,7.148868616168774
27347,212.08310227967362,0.0,8.34034671886357
27348,486.12306589947667,0.0,256.16779207938106
27349,1.1914781026947956,0.0,0.0
27350,79.82903288055131,0.0,0.0
27419,5.957390513473978,0.0,0.0
27422,191.82797453386212,0.0,0.0
27423,146.55180663145987,0.0,0.0
27441,72.68016426438254,0.0,0.0
27443,92.93529201019406,0.0,0.0
27444,393.1877738892826,0.0,0.0
27445,277.6143979278874,0.0,0.0
27446,375.31560234886064,0.0,0.0
27447,330.0394344464584,0.0,0.0
27452,134.6370256045119,0.0,0.0
27453,371.74116804077624,0.0,0.0
27455,264.50813879824466,0.0,0.0
27466,38.12729928623346,0.0,0.0
27477,4.765912410779182,0.0,0.0
27488,197.7853650473361,0.0,0.0
27489,1.1914781026947956,0.0,0.0
27490,301.44395998178334,0.0,0.0
27491,33.36138687545428,0.0,0.0
27496,494.4634126183402,0.0,0.0
27497,197.7853650473361,0.0,0.0
27498,438.4639417916848,0.0,0.0
27499,418.2088140458733,0.0,0.0
27500,7.148868616168774,0.0,0.0
27502,222.8064052039268,0.0,0.0
27541,241.87005484704352,0.0,0.0
27543,23.829562053895913,0.0,0.0
27584,432.50655127821085,0.0,0.0
27585,407.4855111216201,0.0,0.0
27586,312.16726290603646,0.0,0.0
27587,394.37925199197736,0.0,0.0
27588,371.74116804077624,0.0,0.0
27590,150.12624093954426,0.0,0.0
27648,758.9715514165848,0.0,6747.340495560628
27649,208.50866797158923,0.0,3194.3527933247474
27650,77.44607667516172,0.0,6447.088013681539
27651,0.0,0.0,1000.8416062636284
27656,0.0,0.0,349.10308408957513
27810,84.59494529133049,0.0,0.0
27811,145.36032852876508,0.0,0.0
27814,19.06364964311673,0.0,0.0
27816,390.80481768389296,0.0,0.0
27817,339.5712592680168,0.0,0.0
27818,363.4008213219127,0.0,0.0
27819,264.50813879824466,0.0,0.0
27820,244.25301105243312,0.0,0.0
27822,78.63755477785652,0.0,0.0
27823,2.382956205389591,0.0,0.0
27969,36.935821183538664,0.0,0.0
27971,117.95633216678478,0.0,0.0
27972,425.35768266204207,0.0,0.0
27973,681.5254747414232,0.0,0.0
27974,451.57020092132757,0.0,0.0
27975,554.03731775308,0.0,0.0
27977,16.68069343772714,0.0,0.0
27980,321.6990877275948,0.0,0.0
27981,554.03731775308,0.0,0.0
27982,2.382956205389591,0.0,0.0
27983,60.765383237434584,0.0,0.0
27984,571.9094892935019,0.0,0.0
27985,218.04049279314762,0.0,0.0
27986,394.37925199197736,0.0,0.0
27987,245.4444891551279,0.0,0.0
27988,10.723302924253161,0.0,0.0
27990,85.78642339402529,0.0,0.0
27992,493.2719345156454,0.0,0.0
27993,244.25301105243312,0.0,0.0
27994,47.659124107791826,0.0,0.0
27995,11.914781026947956,0.0,0.0
27996,27.4039963619803,0.0,0.0
28027,0.0,0.0,90.55233580480447
28030,160.8495438637974,0.0,1060.4155113983682
28031,263.31666069554984,0.0,265.6996169009394
28112,0.0,0.0,147.74328473415466
28113,107.23302924253161,0.0,4421.575239100387
28114,0.0,0.0,1087.8195077603484
28115,165.61545627457662,0.0,5748.881845502389
28116,426.5491607647369,0.0,6093.219017181185
28117,387.23038337580863,0.0,4713.487374260611
28118,418.2088140458733,0.0,5266.333213910997
28119,356.2519527057439,0.0,5744.11593309161
28120,0.0,0.0,394.37925199197736
28121,11.914781026947956,0.0,4980.378469264246
28123,197.7853650473361,0.0,436.08098558629524
28124,262.125182592855,0.0,6058.666152203036
28125,361.01786511652307,0.0,4786.167538524995
28126,990.1183033393752,0.0,2042.19346801888
28127,934.1188325127198,0.0,2649.847300393226
28145,627.9089601201573,0.0,0.0
28147,604.0793980662614,0.0,0.0
28148,981.7779566205116,0.0,0.0
28149,906.7148361507395,0.0,3568.476917570913
28150,797.0988507028184,0.0,0.0
28151,1172.414453051679,0.0,1052.0751646795045
28153,23.829562053895913,0.0,0.0
28156,293.10361326291974,0.0,0.0
28157,358.6349089111335,0.0,0.0
28160,235.91266433356955,0.0,0.0
28161,307.4013504952573,0.0,0.0
28163,14.297737232337548,0.0,0.0
28164,213.27458038236844,0.0,0.0
28466,4.765912410779182,0.0,0.0
28467,293.10361326291974,0.0,0.0
28468,83.4034671886357,0.0,0.0
28469,16.68069343772714,0.0,0.0
28470,421.7832483539577,0.0,0.0
28471,352.6775183976595,0.0,0.0
28472,73.87164236707733,0.0,0.0
28473,407.4855111216201,0.0,0.0
28474,27.4039963619803,0.0,0.0
28475,380.08151475963984,0.0,0.0
28476,315.74169721412085,0.0,0.0
28477,157.27510955571304,0.0,0.0
28478,390.80481768389296,0.0,0.0
28479,299.0610037763937,0.0,0.0
28507,102.46711683175243,0.0,0.0
28510,215.65753658775802,0.0,0.0
28511,13.106259129642753,0.0,0.0
28514,28.595474464675096,0.0,0.0
28520,17.872171540421935,0.0,0.0
28528,235.91266433356955,0.0,0.0
28529,751.822682800416,0.0,0.0
28530,552.8458396503852,0.0,0.0
28531,677.9510404333388,0.0,0.0
28532,725.6101645411305,0.0,0.0
28533,363.4008213219127,0.0,0.0
28534,602.8879199635667,0.0,0.0
28535,366.9752556299971,0.0,0.0
28536,389.6133395811982,0.0,0.0
28537,741.099379876163,0.0,0.0
28539,100.08416062636284,0.0,0.0
28540,673.1851280225595,0.0,0.0
28541,91.74381390749927,0.0,0.0
28542,33.36138687545428,0.0,0.0
28561,27.4039963619803,0.0,0.0
28564,96.50972631827845,0.0,0.0
28565,4.765912410779182,0.0,0.0
28583,69.10572995629815,0.0,0.0
28588,116.76485406408997,0.0,0.0
28589,409.86846732700974,0.0,0.0
28590,263.31666069554984,0.0,0.0
28591,341.95421547340635,0.0,0.0
28594,138.2114599125963,0.0,0.0
28595,16.68069343772714,0.0,0.0
28600,403.9110768135357,0.0,0.0
28601,216.8490146904528,0.0,0.0
28602,308.59282859795206,0.0,0.0
28603,259.74222638746545,0.0,0.0
31399,5.957390513473978,0.0,0.0
31405,100.08416062636284,0.0,0.0
31407,44.08468979970744,0.0,0.0
31410,322.89056583028963,0.0,0.0
31411,388.4218614785034,0.0,0.0
31414,134.6370256045119,0.0,0.0
31416,438.4639417916848,0.0,0.0
31417,424.16620455934725,0.0,0.0
31418,426.5491607647369,0.0,0.0
31419,434.8895074836004,0.0,0.0
31420,401.52812060814614,0.0,0.0
31421,27.4039963619803,0.0,0.0
31422,456.3361133321068,0.0,0.0
31423,67.91425185360336,0.0,0.0
31678,210.89162417697884,0.0,0.0
31679,494.4634126183402,0.0,0.0
31722,319.31613152220524,0.0,0.0
32431,129.87111319373273,0.0,0.0
32442,278.80587603058217,0.0,0.0
32443,157.27510955571304,0.0,0.0
34699,15.489215335032345,0.0,0.0
34702,147.74328473415466,0.0,0.0
34703,117.95633216678478,0.0,0.0
34721,332.422390651848,0.0,0.0
34722,27.4039963619803,0.0,0.0
34723,465.86793815366514,0.0,0.0
34724,447.9957666132432,0.0,0.0
34725,442.0383760997692,0.0,0.0
34726,322.89056583028963,0.0,0.0
34727,437.27246368899,0.0,0.0
34728,1.1914781026947956,0.0,0.0
34729,148.93476283684947,0.0,0.0
34732,262.125182592855,0.0,0.0
34733,299.0610037763937,0.0,0.0
34734,17.872171540421935,0.0,0.0
34736,107.23302924253161,0.0,0.0
34738,160.8495438637974,0.0,0.0
34744,4.765912410779182,0.0,0.0
36780,4.765912410779182,0.0,0.0
36781,64.33981754551897,0.0,0.0
36782,310.9757848033417,0.0,0.0
36783,434.8895074836004,0.0,0.0
36792,5.957390513473978,0.0,0.0
36794,333.6138687545428,0.0,0.0
36795,22.638083951201118,0.0,0.0
38769,22.638083951201118,0.0,0.0
38770,171.57284678805058,0.0,0.0
38771,353.86899650035434,0.0,0.0
38772,3.574434308084387,0.0,0.0
38774,394.37925199197736,0.0,0.0
38775,48.85060221048662,0.0,0.0
38776,351.4860402949647,0.0,0.0
38777,344.337171678796,0.0,0.0
38778,270.4655293117186,0.0,0.0
38779,193.0194526365569,0.0,0.0
38780,369.35821183538667,0.0,0.0
38781,188.25354022577773,0.0,0.0
38782,368.16673373269185,0.0,0.0
38783,86.97790149672008,0.0,0.0
38855,123.91372268025876,0.0,0.0
38860,123.91372268025876,0.0,0.0
38861,437.27246368899,0.0,0.0
38862,197.7853650473361,0.0,0.0
38863,377.6985585542502,0.0,0.0
38865,102.46711683175243,0.0,0.0
38866,204.93423366350487,0.0,0.0
38867,36.935821183538664,0.0,0.0
38868,61.95686134012938,0.0,0.0
38872,401.52812060814614,0.0,0.0
38873,277.6143979278874,0.0,0.0
38874,282.38031033866656,0.0,0.0
38875,65.53129564821376,0.0,0.0
38884,35.74434308084387,0.0,0.0
38885,301.44395998178334,0.0,0.0
38896,363.4008213219127,0.0,0.0
38897,139.40293801529108,0.0,0.0
40859,19.06364964311673,0.0,0.0
40862,145.36032852876508,0.0,0.0
40863,45.276167902402236,0.0,0.0
40881,331.23091254915323,0.0,0.0
40883,382.4644709650294,0.0,0.0
40884,482.5486315913923,0.0,0.0
40885,443.229854202464,0.0,0.0
40886,399.14516440275656,0.0,0.0
40887,432.50655127821085,0.0,0.0
40889,137.0199818099015,0.0,0.0
40892,426.5491607647369,0.0,0.0
40893,446.80428851054836,0.0,0.0
40894,19.06364964311673,0.0,0.0
40895,52.42503651857101,0.0,0.0
40928,85.78642339402529,0.0,0.0
40930,257.3592701820759,0.0,0.0
40936,158.46658765840783,0.0,0.0
40957,64.33981754551897,0.0,0.0
40958,66.72277375090856,0.0,0.0
40959,458.71906953749635,0.0,0.0
